{
	"info": {
		"_postman_id": "6e32a032-7e88-bcfa-1f61-067386d2c7cf",
		"name": "3.Tarificador PROD",
		"schema": "https://schema.getpostman.com/json/collection/v2.1.0/collection.json",
		"_exporter_id": "2940734"
	},
	"item": [
		{
			"name": "Obtener Token",
			"request": {
				"method": "POST",
				"header": [],
				"body": {
					"mode": "raw",
					"raw": "{\"grant_type\":\"client_credentials\",\r\n\"client_id\":\"aRl4oWEBF2CP0oWW1QU\",\r\n\"client_secret\":\"JccQlPpvvQYATJ2C\"}"
				},
				"url": {
					"raw": "https://api.rfsc.cl/api/v1.0/sec/oauth2/token",
					"protocol": "https",
					"host": [
						"api",
						"rfsc",
						"cl"
					],
					"path": [
						"api",
						"v1.0",
						"sec",
						"oauth2",
						"token"
					]
				}
			},
			"response": []
		},
		{
			"name": "Obtener Tarifa internet",
			"request": {
				"method": "POST",
				"header": [
					{
						"key": "Accept",
						"value": "application/json",
						"type": "text"
					},
					{
						"key": "Content-Type",
						"value": "application/json",
						"type": "text"
					},
					{
						"key": "Authorization",
						"value": "bearer OJ3QGSeViR0t69WJYV9zyKwG1XU0XYtt",
						"type": "text"
					}
				],
				"body": {
					"mode": "raw",
					"raw": "{\r\n  \"rutAsegurado\": \"10240545-5\",\r\n  \"fechaNac\": \"1981-03-27\",\r\n  \"idComuna\": \"605\",\r\n  \"idMarca\": \"14\",\r\n  \"idModelo\": \"1\",\r\n  \"anio\": \"2015\",\r\n  \"tipoVehiculo\": false,\r\n  \"patente\": \"HJJJ70\",\r\n  \"origen\": \"Internet\",\r\n  \"companias\": [\r\n    {\r\n      \"idCompania\": 16,\r\n      \"idProducto\": \"44\"\r\n    }\r\n  ]\r\n}"
				},
				"url": {
					"raw": "https://api.rfsc.cl/api/v1.0/tarificacion/vehiculo",
					"protocol": "https",
					"host": [
						"api",
						"rfsc",
						"cl"
					],
					"path": [
						"api",
						"v1.0",
						"tarificacion",
						"vehiculo"
					]
				}
			},
			"response": []
		},
		{
			"name": "tarjetasCore",
			"request": {
				"method": "GET",
				"header": [
					{
						"key": "Accept",
						"value": "application/json",
						"type": "text"
					},
					{
						"key": "Content-Type",
						"value": "application/json",
						"type": "text"
					},
					{
						"key": "Authorization",
						"value": "bearer gPSwebY50REAHvW823KHVYkqPxEjBehH",
						"type": "text"
					}
				],
				"body": {
					"mode": "raw",
					"raw": ""
				},
				"url": {
					"raw": "https://oapi.rfsc.cl/api/v1.0/clientes/2249607/tarjetas",
					"protocol": "https",
					"host": [
						"oapi",
						"rfsc",
						"cl"
					],
					"path": [
						"api",
						"v1.0",
						"clientes",
						"2249607",
						"tarjetas"
					]
				}
			},
			"response": []
		},
		{
			"name": "Obtener Tarifa presencial",
			"request": {
				"method": "POST",
				"header": [
					{
						"key": "Content-Type",
						"value": "application/json",
						"type": "text"
					}
				],
				"body": {
					"mode": "raw",
					"raw": "{\r\n  \"rutAsegurado\": \"18064719-8\",\r\n  \"fechaNac\": \"1992-07-17\",\r\n  \"idComuna\": \"605\",\r\n  \"idMarca\": \"26\",\r\n  \"idModelo\": \"18\",\r\n  \"anio\": \"2015\",\r\n  \"tipoVehiculo\": false,\r\n  \"patente\": \"HJJJ70\",\r\n  \"origen\": \"Presencial\",\r\n  \"companias\": [\r\n    {\r\n      \"idCompania\": 16,\r\n      \"idProducto\": \"44\"\r\n    }\r\n  ]\r\n}"
				},
				"url": {
					"raw": "https://api.rfsc.cl/api/v1.0/tarificacion/vehiculo",
					"protocol": "https",
					"host": [
						"api",
						"rfsc",
						"cl"
					],
					"path": [
						"api",
						"v1.0",
						"tarificacion",
						"vehiculo"
					]
				}
			},
			"response": []
		},
		{
			"name": "Crear Sesión Copy",
			"event": [
				{
					"listen": "test",
					"script": {
						"type": "text/javascript",
						"exec": [
							"var jsonData = JSON.parse(responseBody);\r",
							"postman.setGlobalVariable(\"id_sesion\",jsonData.id_sesion);"
						]
					}
				}
			],
			"request": {
				"method": "POST",
				"header": [
					{
						"key": "Authorization",
						"value": "Bearer a6BbxJTx38m4aNpaF9F1GuePUK7BmjKZ",
						"type": "text"
					},
					{
						"key": "x-canal-id",
						"value": "120",
						"type": "text"
					},
					{
						"key": "x-cliente-id",
						"value": "131092849-CHL-1",
						"type": "text"
					},
					{
						"key": "x-Request-ID",
						"value": "gPSwebY50REAHvW823KHVYkqPxEjBehH",
						"type": "text"
					},
					{
						"key": "api_key",
						"value": "123456987",
						"type": "text"
					},
					{
						"key": "x-usuario-id",
						"value": "franbiela.vielmaazuaje@cencosudscotiabank.cl",
						"type": "text"
					},
					{
						"key": "X-rol-principal",
						"value": "Rol Atencion al Cliente",
						"type": "text"
					}
				],
				"body": {
					"mode": "raw",
					"raw": ""
				},
				"url": {
					"raw": "https://api.rfsc.cl/api/v1.0/sesiones/",
					"protocol": "https",
					"host": [
						"api",
						"rfsc",
						"cl"
					],
					"path": [
						"api",
						"v1.0",
						"sesiones",
						""
					]
				}
			},
			"response": []
		},
		{
			"name": "https://oapi.rfsc.cl/api/v1.0/clientes/2249607/tarjetas/",
			"request": {
				"method": "GET",
				"header": [
					{
						"key": "apikey",
						"value": "3t4RDzeYOCkrVmr88U5X3PSkdmHNMdmf"
					}
				],
				"url": {
					"raw": "https://oapi.rfsc.cl/api/v1.0/clientes/2249607/tarjetas/",
					"protocol": "https",
					"host": [
						"oapi",
						"rfsc",
						"cl"
					],
					"path": [
						"api",
						"v1.0",
						"clientes",
						"2249607",
						"tarjetas",
						""
					]
				}
			},
			"response": []
		}
	]
}