{
	"info": {
		"_postman_id": "8e3e8317-dbce-465b-a3bf-0d0513bfe909",
		"name": "Artefactos was mesa starbugs",
		"schema": "https://schema.getpostman.com/json/collection/v2.1.0/collection.json",
		"_exporter_id": "2940734"
	},
	"item": [
		{
			"name": "baas-massive-payment",
			"event": [
				{
					"listen": "test",
					"script": {
						"exec": [
							"//console.log(pm.request.url)",
							"var status = 200",
							"var jsonData = JSON.parse(responseBody);",
							"//var codigoestado = pm.response.code;",
							"//console.log(pm.response.code)",
							"",
							"console.log('++++++++++++++INICIO EJECUCION+++++++++++++++++++')",
							"console.log('+++++++++++++++++++++++++++++++++++++++++++++++++')",
							"",
							"",
							"pm.test(\"[001]- Valido que codigo de respuesta sea igual a 200\", function() {",
							"var mensajeOK= \"[001]-[NOK] - Codigo Resopuesta\"",
							"codigoestado = pm.response.code",
							"",
							"    if(status == codigoestado){",
							"        //console.info(\"[001]-[OK] - Codigo Resopuesta\", pm.response.code)",
							"         pm.expect(pm.response.to.have.status(status))",
							"    }else{",
							"        pm.expect(pm.response.to.have.status(status))",
							"        console.error(mensajeOK, pm.response.code)",
							"    }",
							"});",
							"",
							"console.log('+++++++++++++++++FIN EJECUCION+++++++++++++++++++')",
							"console.log('+++++++++++++++++++++++++++++++++++++++++++++++++')"
						],
						"type": "text/javascript",
						"packages": {}
					}
				}
			],
			"protocolProfileBehavior": {
				"disableBodyPruning": true
			},
			"request": {
				"method": "GET",
				"header": [],
				"body": {
					"mode": "raw",
					"raw": "{}",
					"options": {
						"raw": {
							"language": "json"
						}
					}
				},
				"url": {
					"raw": "http://10.34.20.19:9080/baas-massive-payment/health",
					"protocol": "http",
					"host": [
						"10",
						"34",
						"20",
						"19"
					],
					"port": "9080",
					"path": [
						"baas-massive-payment",
						"health"
					]
				}
			},
			"response": []
		},
		{
			"name": "ms-massive-payment",
			"event": [
				{
					"listen": "test",
					"script": {
						"exec": [
							"//console.log(pm.request.url)",
							"var status = 200",
							"var jsonData = JSON.parse(responseBody);",
							"//var codigoestado = pm.response.code;",
							"//console.log(pm.response.code)",
							"",
							"console.log('++++++++++++++INICIO EJECUCION+++++++++++++++++++')",
							"console.log('+++++++++++++++++++++++++++++++++++++++++++++++++')",
							"",
							"",
							"pm.test(\"[001]- Valido que codigo de respuesta sea igual a 200\", function() {",
							"var mensajeOK= \"[001]-[NOK] - Codigo Resopuesta\"",
							"codigoestado = pm.response.code",
							"",
							"    if(status == codigoestado){",
							"        //console.info(\"[001]-[OK] - Codigo Resopuesta\", pm.response.code)",
							"         pm.expect(pm.response.to.have.status(status))",
							"    }else{",
							"        pm.expect(pm.response.to.have.status(status))",
							"        console.error(mensajeOK, pm.response.code)",
							"    }",
							"});",
							"",
							"console.log('+++++++++++++++++FIN EJECUCION+++++++++++++++++++')",
							"console.log('+++++++++++++++++++++++++++++++++++++++++++++++++')"
						],
						"type": "text/javascript",
						"packages": {}
					}
				}
			],
			"protocolProfileBehavior": {
				"disableBodyPruning": true
			},
			"request": {
				"method": "GET",
				"header": [],
				"body": {
					"mode": "raw",
					"raw": "{}",
					"options": {
						"raw": {
							"language": "json"
						}
					}
				},
				"url": {
					"raw": "http://10.34.20.19:9080/ms-massive-payment/health",
					"protocol": "http",
					"host": [
						"10",
						"34",
						"20",
						"19"
					],
					"port": "9080",
					"path": [
						"ms-massive-payment",
						"health"
					]
				}
			},
			"response": []
		},
		{
			"name": "ms-factoring",
			"event": [
				{
					"listen": "test",
					"script": {
						"exec": [
							"//console.log(pm.request.url)",
							"var status = 200",
							"var jsonData = JSON.parse(responseBody);",
							"//var codigoestado = pm.response.code;",
							"//console.log(pm.response.code)",
							"",
							"console.log('++++++++++++++INICIO EJECUCION+++++++++++++++++++')",
							"console.log('+++++++++++++++++++++++++++++++++++++++++++++++++')",
							"",
							"",
							"pm.test(\"[001]- Valido que codigo de respuesta sea igual a 200\", function() {",
							"var mensajeOK= \"[001]-[NOK] - Codigo Resopuesta\"",
							"codigoestado = pm.response.code",
							"",
							"    if(status == codigoestado){",
							"        //console.info(\"[001]-[OK] - Codigo Resopuesta\", pm.response.code)",
							"         pm.expect(pm.response.to.have.status(status))",
							"    }else{",
							"        pm.expect(pm.response.to.have.status(status))",
							"        console.error(mensajeOK, pm.response.code)",
							"    }",
							"});",
							"",
							"console.log('+++++++++++++++++FIN EJECUCION+++++++++++++++++++')",
							"console.log('+++++++++++++++++++++++++++++++++++++++++++++++++')"
						],
						"type": "text/javascript",
						"packages": {}
					}
				}
			],
			"protocolProfileBehavior": {
				"disableBodyPruning": true
			},
			"request": {
				"method": "GET",
				"header": [],
				"body": {
					"mode": "raw",
					"raw": "{}",
					"options": {
						"raw": {
							"language": "json"
						}
					}
				},
				"url": {
					"raw": "http://10.34.20.19:9080/ms-factoring/health",
					"protocol": "http",
					"host": [
						"10",
						"34",
						"20",
						"19"
					],
					"port": "9080",
					"path": [
						"ms-factoring",
						"health"
					]
				}
			},
			"response": []
		},
		{
			"name": "baas-factoring",
			"event": [
				{
					"listen": "test",
					"script": {
						"exec": [
							"//console.log(pm.request.url)",
							"var status = 200",
							"var jsonData = JSON.parse(responseBody);",
							"//var codigoestado = pm.response.code;",
							"//console.log(pm.response.code)",
							"",
							"console.log('++++++++++++++INICIO EJECUCION+++++++++++++++++++')",
							"console.log('+++++++++++++++++++++++++++++++++++++++++++++++++')",
							"",
							"",
							"pm.test(\"[001]- Valido que codigo de respuesta sea igual a 200\", function() {",
							"var mensajeOK= \"[001]-[NOK] - Codigo Resopuesta\"",
							"codigoestado = pm.response.code",
							"",
							"    if(status == codigoestado){",
							"        //console.info(\"[001]-[OK] - Codigo Resopuesta\", pm.response.code)",
							"         pm.expect(pm.response.to.have.status(status))",
							"    }else{",
							"        pm.expect(pm.response.to.have.status(status))",
							"        console.error(mensajeOK, pm.response.code)",
							"    }",
							"});",
							"",
							"console.log('+++++++++++++++++FIN EJECUCION+++++++++++++++++++')",
							"console.log('+++++++++++++++++++++++++++++++++++++++++++++++++')"
						],
						"type": "text/javascript",
						"packages": {}
					}
				}
			],
			"protocolProfileBehavior": {
				"disableBodyPruning": true
			},
			"request": {
				"method": "GET",
				"header": [],
				"body": {
					"mode": "raw",
					"raw": "{}",
					"options": {
						"raw": {
							"language": "json"
						}
					}
				},
				"url": {
					"raw": "http://10.34.20.19:9080/baas-factoring/health",
					"protocol": "http",
					"host": [
						"10",
						"34",
						"20",
						"19"
					],
					"port": "9080",
					"path": [
						"baas-factoring",
						"health"
					]
				}
			},
			"response": []
		},
		{
			"name": "portalpyme",
			"event": [
				{
					"listen": "test",
					"script": {
						"exec": [
							"//console.log(pm.request.url)",
							"var status = 200",
							"var jsonData = JSON.parse(responseBody);",
							"//var codigoestado = pm.response.code;",
							"//console.log(pm.response.code)",
							"",
							"console.log('++++++++++++++INICIO EJECUCION+++++++++++++++++++')",
							"console.log('+++++++++++++++++++++++++++++++++++++++++++++++++')",
							"",
							"",
							"pm.test(\"[001]- Valido que codigo de respuesta sea igual a 200\", function() {",
							"var mensajeOK= \"[001]-[NOK] - Codigo Resopuesta\"",
							"codigoestado = pm.response.code",
							"",
							"    if(status == codigoestado){",
							"        //console.info(\"[001]-[OK] - Codigo Resopuesta\", pm.response.code)",
							"         pm.expect(pm.response.to.have.status(status))",
							"    }else{",
							"        pm.expect(pm.response.to.have.status(status))",
							"        console.error(mensajeOK, pm.response.code)",
							"    }",
							"});",
							"",
							"console.log('+++++++++++++++++FIN EJECUCION+++++++++++++++++++')",
							"console.log('+++++++++++++++++++++++++++++++++++++++++++++++++')"
						],
						"type": "text/javascript",
						"packages": {}
					}
				}
			],
			"protocolProfileBehavior": {
				"disableBodyPruning": true
			},
			"request": {
				"method": "GET",
				"header": [],
				"body": {
					"mode": "raw",
					"raw": "{}",
					"options": {
						"raw": {
							"language": "json"
						}
					}
				},
				"url": {
					"raw": "http://10.34.20.19:9080/portalpyme/api/v1/health",
					"protocol": "http",
					"host": [
						"10",
						"34",
						"20",
						"19"
					],
					"port": "9080",
					"path": [
						"portalpyme",
						"api",
						"v1",
						"health"
					]
				}
			},
			"response": []
		},
		{
			"name": "authorization-gateway",
			"event": [
				{
					"listen": "test",
					"script": {
						"exec": [
							"//console.log(pm.request.url)",
							"var status = 200",
							"var jsonData = JSON.parse(responseBody);",
							"//var codigoestado = pm.response.code;",
							"//console.log(pm.response.code)",
							"",
							"console.log('++++++++++++++INICIO EJECUCION+++++++++++++++++++')",
							"console.log('+++++++++++++++++++++++++++++++++++++++++++++++++')",
							"",
							"",
							"pm.test(\"[001]- Valido que codigo de respuesta sea igual a 200\", function() {",
							"var mensajeOK= \"[001]-[NOK] - Codigo Resopuesta\"",
							"codigoestado = pm.response.code",
							"",
							"    if(status == codigoestado){",
							"        //console.info(\"[001]-[OK] - Codigo Resopuesta\", pm.response.code)",
							"         pm.expect(pm.response.to.have.status(status))",
							"    }else{",
							"        pm.expect(pm.response.to.have.status(status))",
							"        console.error(mensajeOK, pm.response.code)",
							"    }",
							"});",
							"",
							"console.log('+++++++++++++++++FIN EJECUCION+++++++++++++++++++')",
							"console.log('+++++++++++++++++++++++++++++++++++++++++++++++++')"
						],
						"type": "text/javascript",
						"packages": {}
					}
				}
			],
			"protocolProfileBehavior": {
				"disableBodyPruning": true
			},
			"request": {
				"method": "GET",
				"header": [],
				"body": {
					"mode": "raw",
					"raw": "{}",
					"options": {
						"raw": {
							"language": "json"
						}
					}
				},
				"url": {
					"raw": "http://10.34.20.19:9080/authorization-gateway/api/health",
					"protocol": "http",
					"host": [
						"10",
						"34",
						"20",
						"19"
					],
					"port": "9080",
					"path": [
						"authorization-gateway",
						"api",
						"health"
					]
				}
			},
			"response": []
		},
		{
			"name": "bfffactoring",
			"event": [
				{
					"listen": "test",
					"script": {
						"exec": [
							"//console.log(pm.request.url)",
							"var status = 200",
							"var jsonData = JSON.parse(responseBody);",
							"//var codigoestado = pm.response.code;",
							"//console.log(pm.response.code)",
							"",
							"console.log('++++++++++++++INICIO EJECUCION+++++++++++++++++++')",
							"console.log('+++++++++++++++++++++++++++++++++++++++++++++++++')",
							"",
							"",
							"pm.test(\"[001]- Valido que codigo de respuesta sea igual a 200\", function() {",
							"var mensajeOK= \"[001]-[NOK] - Codigo Resopuesta\"",
							"codigoestado = pm.response.code",
							"",
							"    if(status == codigoestado){",
							"        //console.info(\"[001]-[OK] - Codigo Resopuesta\", pm.response.code)",
							"         pm.expect(pm.response.to.have.status(status))",
							"    }else{",
							"        pm.expect(pm.response.to.have.status(status))",
							"        console.error(mensajeOK, pm.response.code)",
							"    }",
							"});",
							"",
							"console.log('+++++++++++++++++FIN EJECUCION+++++++++++++++++++')",
							"console.log('+++++++++++++++++++++++++++++++++++++++++++++++++')"
						],
						"type": "text/javascript",
						"packages": {}
					}
				}
			],
			"protocolProfileBehavior": {
				"disableBodyPruning": true
			},
			"request": {
				"method": "HEAD",
				"header": [],
				"body": {
					"mode": "raw",
					"raw": "{}",
					"options": {
						"raw": {
							"language": "json"
						}
					}
				},
				"url": {
					"raw": "http://10.34.20.19:9080/bff-factoring/health",
					"protocol": "http",
					"host": [
						"10",
						"34",
						"20",
						"19"
					],
					"port": "9080",
					"path": [
						"bff-factoring",
						"health"
					]
				}
			},
			"response": []
		},
		{
			"name": "bff-massive-payment",
			"event": [
				{
					"listen": "test",
					"script": {
						"exec": [
							"//console.log(pm.request.url)",
							"var status = 200",
							"var jsonData = JSON.parse(responseBody);",
							"//var codigoestado = pm.response.code;",
							"//console.log(pm.response.code)",
							"",
							"console.log('++++++++++++++INICIO EJECUCION+++++++++++++++++++')",
							"console.log('+++++++++++++++++++++++++++++++++++++++++++++++++')",
							"",
							"",
							"pm.test(\"[001]- Valido que codigo de respuesta sea igual a 200\", function() {",
							"var mensajeOK= \"[001]-[NOK] - Codigo Resopuesta\"",
							"codigoestado = pm.response.code",
							"",
							"    if(status == codigoestado){",
							"        //console.info(\"[001]-[OK] - Codigo Resopuesta\", pm.response.code)",
							"         pm.expect(pm.response.to.have.status(status))",
							"    }else{",
							"        pm.expect(pm.response.to.have.status(status))",
							"        console.error(mensajeOK, pm.response.code)",
							"    }",
							"});",
							"",
							"console.log('+++++++++++++++++FIN EJECUCION+++++++++++++++++++')",
							"console.log('+++++++++++++++++++++++++++++++++++++++++++++++++')"
						],
						"type": "text/javascript",
						"packages": {}
					}
				}
			],
			"protocolProfileBehavior": {
				"disableBodyPruning": true
			},
			"request": {
				"method": "GET",
				"header": [],
				"body": {
					"mode": "raw",
					"raw": "{}",
					"options": {
						"raw": {
							"language": "json"
						}
					}
				},
				"url": {
					"raw": "http://10.34.20.19:9080/bff-massive-payment/health",
					"protocol": "http",
					"host": [
						"10",
						"34",
						"20",
						"19"
					],
					"port": "9080",
					"path": [
						"bff-massive-payment",
						"health"
					]
				}
			},
			"response": []
		},
		{
			"name": "pee-notifications",
			"event": [
				{
					"listen": "test",
					"script": {
						"exec": [
							"//console.log(pm.request.url)",
							"var status = 200",
							"var jsonData = JSON.parse(responseBody);",
							"//var codigoestado = pm.response.code;",
							"//console.log(pm.response.code)",
							"",
							"console.log('++++++++++++++INICIO EJECUCION+++++++++++++++++++')",
							"console.log('+++++++++++++++++++++++++++++++++++++++++++++++++')",
							"",
							"",
							"pm.test(\"[001]- Valido que codigo de respuesta sea igual a 200\", function() {",
							"var mensajeOK= \"[001]-[NOK] - Codigo Resopuesta\"",
							"codigoestado = pm.response.code",
							"",
							"    if(status == codigoestado){",
							"        //console.info(\"[001]-[OK] - Codigo Resopuesta\", pm.response.code)",
							"         pm.expect(pm.response.to.have.status(status))",
							"    }else{",
							"        pm.expect(pm.response.to.have.status(status))",
							"        console.error(mensajeOK, pm.response.code)",
							"    }",
							"});",
							"",
							"console.log('+++++++++++++++++FIN EJECUCION+++++++++++++++++++')",
							"console.log('+++++++++++++++++++++++++++++++++++++++++++++++++')"
						],
						"type": "text/javascript",
						"packages": {}
					}
				}
			],
			"request": {
				"method": "TRACE",
				"header": [],
				"body": {
					"mode": "raw",
					"raw": "{}",
					"options": {
						"raw": {
							"language": "json"
						}
					}
				},
				"url": {
					"raw": "http://10.34.20.19:9080/notifications/api",
					"protocol": "http",
					"host": [
						"10",
						"34",
						"20",
						"19"
					],
					"port": "9080",
					"path": [
						"notifications",
						"api"
					]
				}
			},
			"response": []
		}
	]
}