{
	"info": {
		"_postman_id": "b0155a5e-86cc-4fbe-bae3-e6bf1ed2666c",
		"name": "BAAS-MASSIVE-PAYMENT Copy",
		"schema": "https://schema.getpostman.com/json/collection/v2.1.0/collection.json",
		"_exporter_id": "2940734"
	},
	"item": [
		{
			"name": "Login",
			"event": [
				{
					"listen": "test",
					"script": {
						"exec": [
							"pm.test('Get Auth tokens', () => {\r",
							"const response = pm.response.json();\r",
							"pm.collectionVariables.set('token', response.data.token)\r",
							"});"
						],
						"type": "text/javascript",
						"packages": {}
					}
				}
			],
			"request": {
				"method": "POST",
				"header": [
					{
						"key": "Content-Type",
						"value": "application/json"
					}
				],
				"body": {
					"mode": "raw",
					"raw": "{\r\n    \"user_rut\": \"157384864\",\r\n    \"client_rut\": \"930770000\",\r\n    \"password\": \"1\"\r\n}"
				},
				"url": {
					"raw": "{{HOST}}/gtwlogin/rest/auth/login",
					"host": [
						"{{HOST}}"
					],
					"path": [
						"gtwlogin",
						"rest",
						"auth",
						"login"
					]
				}
			},
			"response": []
		},
		{
			"name": "Add Agreement Beneficiary",
			"request": {
				"method": "POST",
				"header": [
					{
						"key": "Accept",
						"value": "application/json"
					},
					{
						"key": "Content-Type",
						"value": "application/json"
					},
					{
						"key": "Authorization",
						"value": "Bearer {{token}}"
					}
				],
				"body": {
					"mode": "raw",
					"raw": "{\r\n    \"agreements\": [\r\n        {\r\n            \"customer_id\": \"27964819-6\",\r\n            \"email\": \"miguel_acevedo_2023@gmail.com\",\r\n            \"secure_phone\": \"123456789000\",\r\n            \"rut_num_company\": 92320624,\r\n            \"names\": \"Miguel Alejandro\",\r\n            \"first_surname\": \"Acevedo \",\r\n            \"second_surname\": \" Ruiz-tagle \",\r\n            \"official_mark\": \"CNV\"\r\n        },\r\n        {\r\n            \"customer_id\": \"1095572-6\",\r\n            \"email\": \"marta.plaza@iks.cl\",\r\n            \"secure_phone\": \"250030022\",\r\n            \"rut_num_company\": 63185012,\r\n            \"names\": \"Marta Andrea\",\r\n            \"first_surname\": \"Plaza\",\r\n            \"second_surname\": \"Suárez\",\r\n            \"official_mark\": \"CNV\"\r\n        },\r\n        {\r\n            \"customer_id\": \"20601090-8\",\r\n            \"email\": \"Marcos_silva_ex@bchile.cl\",\r\n            \"secure_phone\": \"940050020\",\r\n            \"rut_num_company\": 79485952,\r\n            \"names\": \"Marcos Guillermo\",\r\n            \"first_surname\": \"Silva\",\r\n            \"second_surname\": \"López\",\r\n            \"official_mark\": \"CNV\"\r\n        },\r\n        {\r\n            \"customer_id\": \"11116296-4\",\r\n            \"email\": \"andrea-delvalles@ign.com\",\r\n            \"secure_phone\": \"600300600\",\r\n            \"rut_num_company\": 93672165,\r\n            \"names\": \"Andrea Guadalupe\",\r\n            \"first_surname\": \"del Valle\",\r\n            \"second_surname\": \"salas\",\r\n            \"official_mark\": \"CNV\"\r\n        },\r\n        {\r\n            \"customer_id\": \"11875473-5\",\r\n            \"email\": \"ricardo.santamaria@itata.org\",\r\n            \"secure_phone\": \"45530055\",\r\n            \"rut_num_company\": 87696841,\r\n            \"names\": \"Ricardo Antonio\",\r\n            \"first_surname\": \"Santa María\",\r\n            \"second_surname\": \"Lezcano\",\r\n            \"official_mark\": \"CNV\"\r\n        }\r\n    ]\r\n}"
				},
				"url": {
					"raw": "{{HOST}}/baas-massive-payment/api/v1/zeroaccount/beneficiary/add/massive",
					"host": [
						"{{HOST}}"
					],
					"path": [
						"baas-massive-payment",
						"api",
						"v1",
						"zeroaccount",
						"beneficiary",
						"add",
						"massive"
					]
				}
			},
			"response": []
		},
		{
			"name": "Dashboard Paysheet Processed",
			"request": {
				"method": "POST",
				"header": [
					{
						"key": "Accept",
						"value": "application/json"
					},
					{
						"key": "Content-Type",
						"value": "application/json"
					},
					{
						"key": "Authorization",
						"value": "Bearer {{token}}"
					}
				],
				"body": {
					"mode": "raw",
					"raw": "{\r\n    \"agreementCodePer\":\"\",\r\n    \"agreementCodeMpgo\":\"\",\r\n    \"agreementCodeNmd\":\"\",\r\n    \"effectiveDateOfPayment\":20240117\r\n}"
				},
				"url": {
					"raw": "{{HOST}}/baas-massive-payment/api/v1/dashboard/paysheet/processed",
					"host": [
						"{{HOST}}"
					],
					"path": [
						"baas-massive-payment",
						"api",
						"v1",
						"dashboard",
						"paysheet",
						"processed"
					]
				}
			},
			"response": []
		},
		{
			"name": "Dashboard Paysheet Processed Detail",
			"request": {
				"method": "POST",
				"header": [
					{
						"key": "Accept",
						"value": "application/json"
					},
					{
						"key": "Content-Type",
						"value": "application/json"
					},
					{
						"key": "Authorization",
						"value": "Bearer {{token}}"
					}
				],
				"body": {
					"mode": "raw",
					"raw": "{\r\n    \"numberRecord\":5001,\r\n    \"rutAgreement\":\"00101002276\",\r\n    \"origin_system\":\"MPGO\",\r\n    \"agreement_code\":\"\",\r\n    \"payments_status\":\"*\",\r\n    \"effective_date_of_payment\":\"20230929\",\r\n    \"recall_code\":\"\"\r\n}"
				},
				"url": {
					"raw": "{{HOST}}/baas-massive-payment/api/v1/dashboard/paysheet/processed/detail",
					"host": [
						"{{HOST}}"
					],
					"path": [
						"baas-massive-payment",
						"api",
						"v1",
						"dashboard",
						"paysheet",
						"processed",
						"detail"
					]
				}
			},
			"response": []
		},
		{
			"name": "Paysheet Resumen Payment",
			"request": {
				"method": "POST",
				"header": [
					{
						"key": "Accept",
						"value": "application/json"
					},
					{
						"key": "Content-Type",
						"value": "application/json"
					},
					{
						"key": "Authorization",
						"value": "Bearer {{token}}"
					}
				],
				"body": {
					"mode": "raw",
					"raw": "{\r\n    \"customerId\":\"00930770000\",\r\n    \"agreement_code\":\"002\",\r\n    \"paysheet_id\":\"20211006094502424000\",\r\n    \"origSystem\":\"MPGO\",\r\n    \"opeCode\":\"C\",\r\n    \"countryCode\":\"CL\",\r\n    \"channelId\":\"SCOTIAWEBE\",\r\n    \"usrId\":\"ATRIBS\"\r\n}"
				},
				"url": {
					"raw": "{{HOST}}/baas-massive-payment/api/v1/confirming/paysheet/paymentmethod",
					"host": [
						"{{HOST}}"
					],
					"path": [
						"baas-massive-payment",
						"api",
						"v1",
						"confirming",
						"paysheet",
						"paymentmethod"
					]
				}
			},
			"response": []
		},
		{
			"name": "Confirming Current Portfolio",
			"request": {
				"method": "POST",
				"header": [
					{
						"key": "Accept",
						"value": "application/json"
					},
					{
						"key": "Content-Type",
						"value": "application/json"
					},
					{
						"key": "Authorization",
						"value": "Bearer {{token}}"
					}
				],
				"body": {
					"mode": "raw",
					"raw": "{\r\n    \"tokenDimension\":\"0\",\r\n    \"status\":\"1\",\r\n    \"next_key\":\"1\",\r\n    \"number_record\":100\r\n}"
				},
				"url": {
					"raw": "{{HOST}}/baas-massive-payment/api/v1/confirming/query/current/portfolio",
					"host": [
						"{{HOST}}"
					],
					"path": [
						"baas-massive-payment",
						"api",
						"v1",
						"confirming",
						"query",
						"current",
						"portfolio"
					]
				}
			},
			"response": []
		},
		{
			"name": "Confirming Debt Report",
			"request": {
				"method": "POST",
				"header": [
					{
						"key": "Accept",
						"value": "application/json"
					},
					{
						"key": "Content-Type",
						"value": "application/json"
					},
					{
						"key": "Authorization",
						"value": "Bearer {{token}}"
					}
				],
				"body": {
					"mode": "raw",
					"raw": "{\"supplier_rut\":\"\",\"year\":\"2023\",\"month\":\"12\",\"next_key\":\"0\"}"
				},
				"url": {
					"raw": "{{HOST}}/baas-massive-payment/api/v1/confirming/query/debt/report",
					"host": [
						"{{HOST}}"
					],
					"path": [
						"baas-massive-payment",
						"api",
						"v1",
						"confirming",
						"query",
						"debt",
						"report"
					]
				}
			},
			"response": []
		},
		{
			"name": "Confirming Invoice Inquiry",
			"request": {
				"method": "POST",
				"header": [
					{
						"key": "Accept",
						"value": "application/json"
					},
					{
						"key": "Content-Type",
						"value": "application/json"
					},
					{
						"key": "Authorization",
						"value": "Bearer {{token}}"
					}
				],
				"body": {
					"mode": "raw",
					"raw": "{\r\n    \"start_date\":\"20240223\",\r\n    \"end_date\":\"20240523\",\r\n    \"next_key\":0,\r\n    \"invoices_number\":\"\",\r\n    \"status\":\"11\",\r\n    \"supplier_rut\":\"173643403\"\r\n\r\n}"
				},
				"url": {
					"raw": "{{HOST}}/baas-massive-payment/api/v1/confirming/query/invoice/inquiry",
					"host": [
						"{{HOST}}"
					],
					"path": [
						"baas-massive-payment",
						"api",
						"v1",
						"confirming",
						"query",
						"invoice",
						"inquiry"
					]
				}
			},
			"response": []
		},
		{
			"name": "Confirming Invoice Settlement Detail",
			"request": {
				"method": "POST",
				"header": [
					{
						"key": "Accept",
						"value": "application/json"
					},
					{
						"key": "Content-Type",
						"value": "application/json"
					},
					{
						"key": "Authorization",
						"value": "Bearer {{token}}"
					}
				],
				"body": {
					"mode": "raw",
					"raw": "{\r\n    \"settlement_number\":507429,\r\n    \"next_key\":1,\r\n    \"number_record\":10\r\n\r\n}"
				},
				"url": {
					"raw": "{{HOST}}/baas-massive-payment/api/v1/confirming/query/invoice/settlement/detail",
					"host": [
						"{{HOST}}"
					],
					"path": [
						"baas-massive-payment",
						"api",
						"v1",
						"confirming",
						"query",
						"invoice",
						"settlement",
						"detail"
					]
				}
			},
			"response": []
		},
		{
			"name": "Confirming Invoice Settlement",
			"request": {
				"method": "POST",
				"header": [
					{
						"key": "Accept",
						"value": "application/json"
					},
					{
						"key": "Content-Type",
						"value": "application/json"
					},
					{
						"key": "Authorization",
						"value": "Bearer {{token}}"
					}
				],
				"body": {
					"mode": "raw",
					"raw": "{\"invoices_number\":\"\",\"start_date\":\"20231126\",\"end_date\":\"20240226\",\"supplier_rut\":\"\",\"next_key\":0}"
				},
				"url": {
					"raw": "{{HOST}}/baas-massive-payment/api/v1/confirming/query/invoice/settlement",
					"host": [
						"{{HOST}}"
					],
					"path": [
						"baas-massive-payment",
						"api",
						"v1",
						"confirming",
						"query",
						"invoice",
						"settlement"
					]
				}
			},
			"response": []
		},
		{
			"name": "Confirming Invoice Settlement Download",
			"request": {
				"method": "POST",
				"header": [
					{
						"key": "Accept",
						"value": "application/json"
					},
					{
						"key": "Content-Type",
						"value": "application/json"
					},
					{
						"key": "Authorization",
						"value": "Bearer {{token}}"
					}
				],
				"body": {
					"mode": "raw",
					"raw": "{\r\n    \"settlement_number\":507429,\r\n    \"document_type\":\"PDF\"\r\n}"
				},
				"url": {
					"raw": "{{HOST}}/baas-massive-payment/api/v1/confirming/query/invoice/settlement/download",
					"host": [
						"{{HOST}}"
					],
					"path": [
						"baas-massive-payment",
						"api",
						"v1",
						"confirming",
						"query",
						"invoice",
						"settlement",
						"download"
					]
				}
			},
			"response": []
		},
		{
			"name": "Confirming Paysheet Progress",
			"request": {
				"method": "POST",
				"header": [
					{
						"key": "Accept",
						"value": "application/json"
					},
					{
						"key": "Content-Type",
						"value": "application/json"
					},
					{
						"key": "Authorization",
						"value": "Bearer {{token}}"
					}
				],
				"body": {
					"mode": "raw",
					"raw": "{\r\n    \"paySheetId\":\"1223445\",\r\n    \"origSystem\":\"MPGO\",\r\n    \"opeCod\":\"C\",\r\n    \"countryCode\":\"CL\",\r\n    \"channelId\":\"SCOTIAWEBE\",\r\n    \"usrId\":\"ATRIBS\"\r\n}"
				},
				"url": {
					"raw": "{{HOST}}/baas-massive-payment/api/v1/confirming/paysheet/progress",
					"host": [
						"{{HOST}}"
					],
					"path": [
						"baas-massive-payment",
						"api",
						"v1",
						"confirming",
						"paysheet",
						"progress"
					]
				}
			},
			"response": []
		},
		{
			"name": "Dashboard Paysheet Progress",
			"request": {
				"method": "POST",
				"header": [
					{
						"key": "Accept",
						"value": "application/json"
					},
					{
						"key": "Content-Type",
						"value": "application/json"
					},
					{
						"key": "Authorization",
						"value": "Bearer {{token}}"
					}
				],
				"body": {
					"mode": "raw",
					"raw": "{\r\n    \"rutAgreement\":\"00101002276\",\r\n    \"agreement_code_per\":\"001;002\",\r\n    \"agreement_code_mpgo\":\"\",\r\n    \"agreement_code_nmd\":\"\",\r\n    \"year\":\"2024\"\r\n\r\n}"
				},
				"url": {
					"raw": "{{HOST}}/baas-massive-payment/api/v1/dashboard/paysheet/progress",
					"host": [
						"{{HOST}}"
					],
					"path": [
						"baas-massive-payment",
						"api",
						"v1",
						"dashboard",
						"paysheet",
						"progress"
					]
				}
			},
			"response": []
		},
		{
			"name": "Confirming Paysheet Resume",
			"request": {
				"method": "POST",
				"header": [
					{
						"key": "Accept",
						"value": "application/json"
					},
					{
						"key": "Content-Type",
						"value": "application/json"
					},
					{
						"key": "Authorization",
						"value": "Bearer {{token}}"
					}
				],
				"body": {
					"mode": "raw",
					"raw": "{\r\n    \"numberRecord\":\"1\",\r\n    \"customerId\":\"00930770000\",\r\n    \"ope_code\":\"C\",\r\n    \"agreement_code\":\"0000\",\r\n    \"origSystem\":\"MPGO\",\r\n    \"rutAgreement\":\"00930770000\",\r\n    \"payroll_identity\":\"0\",\r\n    \"payment_date_start\":\"20221223\",\r\n    \"payment_date_end\":\"20221223\",\r\n    \"payroll_status\":\"\",\r\n    \"root_account\":\"00930770000\",\r\n    \"indicator_consider_trial_payrolls\":\"N\",\r\n    \"confirming_type\":\"SO\",\r\n    \"redial_code\":\"\"\r\n}"
				},
				"url": {
					"raw": "{{HOST}}/baas-massive-payment/api/v1/confirming/query/resume",
					"host": [
						"{{HOST}}"
					],
					"path": [
						"baas-massive-payment",
						"api",
						"v1",
						"confirming",
						"query",
						"resume"
					]
				}
			},
			"response": []
		},
		{
			"name": "Paysheet Payment Details",
			"request": {
				"method": "POST",
				"header": [
					{
						"key": "Accept",
						"value": "application/json"
					},
					{
						"key": "Content-Type",
						"value": "application/json"
					},
					{
						"key": "Authorization",
						"value": "Bearer {{token}}"
					}
				],
				"body": {
					"mode": "raw",
					"raw": "{\r\n    \"numberRecord\":100,\r\n    \"orig_system\":\"MPGO\",\r\n    \"customerId\":\"0763243494\",\r\n    \"next_page\":\"\",\r\n    \"paysheet_id\":\"5465465\",\r\n    \"correlativeTrx\":0,\r\n    \"codeAgreement\":0,\r\n    \"transAmount\":0,\r\n    \"nomineTestInd\":\"\",\r\n    \"datePaymentStar\":\"2020-01-01\",\r\n    \"datePaymentEnd\":\"2020-01-01\",\r\n    \"statPaymentTrans\":\"\",\r\n    \"destAccountNumber\":\"\",\r\n    \"rutDest\":\"0763243494\",\r\n    \"paymentForm\":\"\",\r\n    \"countryCode\":\"CL\",\r\n    \"channelId\":\"SCOTIAWEBE\",\r\n    \"usrId\":\"ATRIBS\"\r\n\r\n}"
				},
				"url": {
					"raw": "{{HOST}}/baas-massive-payment/api/v1/confirming/paysheet/payment/details",
					"host": [
						"{{HOST}}"
					],
					"path": [
						"baas-massive-payment",
						"api",
						"v1",
						"confirming",
						"paysheet",
						"payment",
						"details"
					]
				}
			},
			"response": []
		},
		{
			"name": "Confirming Paysheet Resume",
			"request": {
				"method": "POST",
				"header": [
					{
						"key": "Accept",
						"value": "application/json"
					},
					{
						"key": "Content-Type",
						"value": "application/json"
					},
					{
						"key": "Authorization",
						"value": "Bearer {{token}}"
					}
				],
				"body": {
					"mode": "raw",
					"raw": "{\r\n    \"numberRecord\":0,\r\n    \"numberRecordReused\":1,\r\n    \"customerId\":\"00930770000\",\r\n    \"agreement_code\":\"0000\",\r\n    \"paysheet_id\":\"5465465\",\r\n    \"origSystem\":\"MPGO\",\r\n    \"sourceAccount\":\"\",\r\n\t\"testRosterIdentifier\":\"\",\r\n\t\"paymentDateStart\":\"20221223\",\r\n\t\"paymentDateEnd\":\"20221223\",\r\n\t\"flagConfirming\":\"\",\r\n\t\"opeCode\":\"R\",\r\n\t\"typePaysheet\":\"\",\r\n\t\"rosterState\":\"\",\r\n\t\"redemptionCode\":\"\",\r\n\t\"countryCode\":\"CL\",\r\n\t\"channelId\":\"SCOTIAWEBE\",\r\n\t\"usrId\":\"ATRIBS\"\r\n}"
				},
				"url": {
					"raw": "{{HOST}}/baas-massive-payment/api/v1/confirming/paysheet/resume",
					"host": [
						"{{HOST}}"
					],
					"path": [
						"baas-massive-payment",
						"api",
						"v1",
						"confirming",
						"paysheet",
						"resume"
					]
				}
			},
			"response": []
		},
		{
			"name": "Confirming Paysheet Prevalidation",
			"request": {
				"method": "POST",
				"header": [
					{
						"key": "Accept",
						"value": "application/json"
					},
					{
						"key": "Content-Type",
						"value": "application/json"
					},
					{
						"key": "Authorization",
						"value": "Bearer {{token}}"
					}
				],
				"body": {
					"mode": "raw",
					"raw": "{\r\n    \"customerId\":\"00930770000\",\r\n    \"codConv\":\"00012\",\r\n    \"chargeAcctId\":\"1\",\r\n    \"paidDate\":\"2022-09-28\",\r\n    \"paySheetDesc\":\"test\",\r\n    \"opeCode\":\"C\",\r\n    \"origSystem\":\"MPGO\"\r\n}"
				},
				"url": {
					"raw": "{{HOST}}/baas-massive-payment/api/v1/confirming/paysheet/prevalidation",
					"host": [
						"{{HOST}}"
					],
					"path": [
						"baas-massive-payment",
						"api",
						"v1",
						"confirming",
						"paysheet",
						"prevalidation"
					]
				}
			},
			"response": []
		},
		{
			"name": "File Upload",
			"request": {
				"method": "POST",
				"header": [
					{
						"key": "Accept",
						"value": "application/json"
					},
					{
						"key": "Content-Type",
						"value": "application/json"
					},
					{
						"key": "Authorization",
						"value": "Bearer {{token}}"
					}
				],
				"body": {
					"mode": "raw",
					"raw": "{\r\n    \"host\":\"0.0.0.0\",\r\n    \"port\":\"1234\",\r\n    \"userName\":\"test username\",\r\n    \"sshFile\":\"test ssh file\",\r\n    \"fileName\":\"test filename\",\r\n    \"file\":\"test file\",\r\n    \"controlFileName\":\"test controlFileName\",\r\n    \"pathFile\":\"test pathFile\"\r\n}"
				},
				"url": {
					"raw": "{{HOST}}/baas-massive-payment/api/v1/common/file/upload",
					"host": [
						"{{HOST}}"
					],
					"path": [
						"baas-massive-payment",
						"api",
						"v1",
						"common",
						"file",
						"upload"
					]
				}
			},
			"response": []
		},
		{
			"name": "Invoice Payments",
			"request": {
				"method": "POST",
				"header": [
					{
						"key": "Accept",
						"value": "application/json"
					},
					{
						"key": "Content-Type",
						"value": "application/json"
					},
					{
						"key": "Authorization",
						"value": "Bearer {{token}}"
					}
				],
				"body": {
					"mode": "raw",
					"raw": "{\"end_date\":\"2024-02-23\",\"start_date\":\"2024-02-23\",\"customer_id\":\"930770000\"}"
				},
				"url": {
					"raw": "{{HOST}}/baas-massive-payment/api/v1/invoice/payments",
					"host": [
						"{{HOST}}"
					],
					"path": [
						"baas-massive-payment",
						"api",
						"v1",
						"invoice",
						"payments"
					]
				}
			},
			"response": []
		},
		{
			"name": "Agreements",
			"request": {
				"method": "GET",
				"header": [
					{
						"key": "Accept",
						"value": "application/json"
					},
					{
						"key": "Content-Type",
						"value": "application/json"
					},
					{
						"key": "Authorization",
						"value": "Bearer {{token}}"
					}
				],
				"url": {
					"raw": "{{HOST}}/baas-massive-payment/api/v1/confirming/user/agreements?serviceName=CONFIRMING",
					"host": [
						"{{HOST}}"
					],
					"path": [
						"baas-massive-payment",
						"api",
						"v1",
						"confirming",
						"user",
						"agreements"
					],
					"query": [
						{
							"key": "serviceName",
							"value": "CONFIRMING"
						}
					]
				}
			},
			"response": []
		},
		{
			"name": "Documents Detail",
			"request": {
				"method": "POST",
				"header": [
					{
						"key": "Accept",
						"value": "application/json"
					},
					{
						"key": "Content-Type",
						"value": "application/json"
					},
					{
						"key": "Authorization",
						"value": "Bearer {{token}}"
					}
				],
				"body": {
					"mode": "raw",
					"raw": "{\r\n\"root_customer_id\":\"0763243494\",\r\n\"paysheet_type_code\":\"MPGO\",\r\n\"agreement_code\":\"2\",\r\n\"paysheet_id\":\"20191105113029759000\",\r\n\"payment_id\":\"27\",    \r\n\"document_id\":0, \r\n\"cursor\":\"\", \r\n\"limit\":\"\"\r\n}"
				},
				"url": {
					"raw": "{{HOST}}/baas-massive-payment/api/v1/document/detail",
					"host": [
						"{{HOST}}"
					],
					"path": [
						"baas-massive-payment",
						"api",
						"v1",
						"document",
						"detail"
					]
				}
			},
			"response": []
		},
		{
			"name": "Confirming Docs Detail",
			"request": {
				"method": "POST",
				"header": [
					{
						"key": "Accept",
						"value": "application/json"
					},
					{
						"key": "Content-Type",
						"value": "application/json"
					},
					{
						"key": "Authorization",
						"value": "Bearer {{token}}"
					}
				],
				"body": {
					"mode": "raw",
					"raw": "{\r\n    \"numberRecord\":300,\r\n\t\"rutAgreement\":\"00930770000\",\r\n\t\"agreement_code\":\"0\",\r\n\t\"payroll_identity\":\"00000000000000000000\",\r\n\t\"transaction_correlative\":\"00000\",\r\n\t\"correlative_documents\":\"00000\",\r\n\t\"redial_code\":\"\"\r\n}"
				},
				"url": {
					"raw": "{{HOST}}/baas-massive-payment/api/v1/confirming/query/docs/detail",
					"host": [
						"{{HOST}}"
					],
					"path": [
						"baas-massive-payment",
						"api",
						"v1",
						"confirming",
						"query",
						"docs",
						"detail"
					]
				}
			},
			"response": []
		},
		{
			"name": "Confirming Payment Details",
			"request": {
				"method": "POST",
				"header": [
					{
						"key": "Accept",
						"value": "application/json"
					},
					{
						"key": "Content-Type",
						"value": "application/json"
					},
					{
						"key": "Authorization",
						"value": "Bearer {{token}}"
					}
				],
				"body": {
					"mode": "raw",
					"raw": "{\r\n\t\"rutAgreement\":\"00930770000\",\r\n\t\"payroll_identity\":\"20221121091758280000\",\r\n\t\"redial_code\":\"\",\r\n    \"numberRecords\":\"1000\"\r\n}"
				},
				"url": {
					"raw": "{{HOST}}/baas-massive-payment/api/v1/confirming/query/payment/details",
					"host": [
						"{{HOST}}"
					],
					"path": [
						"baas-massive-payment",
						"api",
						"v1",
						"confirming",
						"query",
						"payment",
						"details"
					]
				}
			},
			"response": []
		},
		{
			"name": "Confirming Dashboard Foreignexchange",
			"request": {
				"method": "POST",
				"header": [
					{
						"key": "Accept",
						"value": "application/json"
					},
					{
						"key": "Content-Type",
						"value": "application/json"
					},
					{
						"key": "Authorization",
						"value": "Bearer {{token}}"
					}
				],
				"body": {
					"mode": "raw",
					"raw": "{\r\n\t\"amount\":200,\r\n\t\"from_currency\":\"USD\",\r\n\t\"to_currency\":\"CLP\"\r\n}"
				},
				"url": {
					"raw": "{{HOST}}/baas-massive-payment/api/v1/confirming/dashboard/foreignexchange",
					"host": [
						"{{HOST}}"
					],
					"path": [
						"baas-massive-payment",
						"api",
						"v1",
						"confirming",
						"dashboard",
						"foreignexchange"
					]
				}
			},
			"response": []
		},
		{
			"name": "Confirming Payrrols Pending Signed",
			"request": {
				"method": "POST",
				"header": [
					{
						"key": "Accept",
						"value": "application/json"
					},
					{
						"key": "Content-Type",
						"value": "application/json"
					},
					{
						"key": "Authorization",
						"value": "Bearer {{token}}"
					}
				],
				"body": {
					"mode": "raw",
					"raw": "{\r\n\"ope_code\":\"C\",\r\n\"agreement_rut\":\"00930770000\",\r\n\"agreement_code\":\"MPGO\",\r\n\"initialPeriod\":\"202201\",\r\n\"finalPeriod\":\"202201\"\r\n}"
				},
				"url": {
					"raw": "{{HOST}}/baas-massive-payment/api/v1/confirming/query/payrolls/pending/signed",
					"host": [
						"{{HOST}}"
					],
					"path": [
						"baas-massive-payment",
						"api",
						"v1",
						"confirming",
						"query",
						"payrolls",
						"pending",
						"signed"
					]
				}
			},
			"response": []
		},
		{
			"name": "Confirming Dashboard Docs Vendor",
			"request": {
				"method": "POST",
				"header": [
					{
						"key": "Accept",
						"value": "application/json"
					},
					{
						"key": "Content-Type",
						"value": "application/json"
					},
					{
						"key": "Authorization",
						"value": "Bearer {{token}}"
					}
				],
				"body": {
					"mode": "raw",
					"raw": "{\r\n    \"numberRecord\":\"300\",\r\n    \"rutAgreement\":\"00930770000\",\r\n    \"agreement_code\":\"0\",\r\n    \"recall_code\":\"\"\r\n}"
				},
				"url": {
					"raw": "{{HOST}}/baas-massive-payment/api/v1/confirming/dashboard/docs/vendor",
					"host": [
						"{{HOST}}"
					],
					"path": [
						"baas-massive-payment",
						"api",
						"v1",
						"confirming",
						"dashboard",
						"docs",
						"vendor"
					]
				}
			},
			"response": []
		},
		{
			"name": "Confirming Signed Payrolls Detail",
			"request": {
				"method": "POST",
				"header": [
					{
						"key": "Accept",
						"value": "application/json"
					},
					{
						"key": "Content-Type",
						"value": "application/json"
					},
					{
						"key": "Authorization",
						"value": "Bearer {{token}}"
					}
				],
				"body": {
					"mode": "raw",
					"raw": "{\r\n    \"numberRecord\":\"300\",\r\n    \"rutAgreement\":\"00930770000\",\r\n    \"agreement_code\":\"0\",\r\n    \"recall_code\":\"\"\r\n}"
				},
				"url": {
					"raw": "{{HOST}}/baas-massive-payment/api/v1/confirming/query/signed/payrolls/detail",
					"host": [
						"{{HOST}}"
					],
					"path": [
						"baas-massive-payment",
						"api",
						"v1",
						"confirming",
						"query",
						"signed",
						"payrolls",
						"detail"
					]
				}
			},
			"response": []
		},
		{
			"name": "Confirming Delete Invoices",
			"request": {
				"method": "POST",
				"header": [
					{
						"key": "Accept",
						"value": "application/json"
					},
					{
						"key": "Content-Type",
						"value": "application/json"
					},
					{
						"key": "Authorization",
						"value": "Bearer {{token}}"
					}
				],
				"body": {
					"mode": "raw",
					"raw": "{\r\n    \"customerId\":\"39307700000\",\r\n    \"invoices_id\":\"900000050033685\"\r\n}"
				},
				"url": {
					"raw": "{{HOST}}/baas-massive-payment/api/v1/confirming/query/delete/invoices",
					"host": [
						"{{HOST}}"
					],
					"path": [
						"baas-massive-payment",
						"api",
						"v1",
						"confirming",
						"query",
						"delete",
						"invoices"
					]
				}
			},
			"response": []
		},
		{
			"name": "Confirming Paysheet Numberdocs",
			"request": {
				"method": "POST",
				"header": [
					{
						"key": "Accept",
						"value": "application/json"
					},
					{
						"key": "Content-Type",
						"value": "application/json"
					},
					{
						"key": "Authorization",
						"value": "Bearer {{token}}"
					}
				],
				"body": {
					"mode": "raw",
					"raw": "{\r\n    \"agreementRut\":\"00930770000\",\r\n    \"agreement_code\":\"02\",\r\n    \"origin_system\":\"MPGO\",\r\n    \"paysheet_id\":\"20220601162316652000\",\r\n    \"correlative_number\":\"0\"\r\n}"
				},
				"url": {
					"raw": "{{HOST}}/baas-massive-payment/api/v1/confirming/paysheet/numberdocs",
					"host": [
						"{{HOST}}"
					],
					"path": [
						"baas-massive-payment",
						"api",
						"v1",
						"confirming",
						"paysheet",
						"numberdocs"
					]
				}
			},
			"response": []
		},
		{
			"name": "Confirming Dashboard Delete Portfolio",
			"request": {
				"method": "POST",
				"header": [
					{
						"key": "Accept",
						"value": "application/json"
					},
					{
						"key": "Content-Type",
						"value": "application/json"
					},
					{
						"key": "Authorization",
						"value": "Bearer {{token}}"
					}
				],
				"body": {
					"mode": "raw",
					"raw": "{\r\n    \"tokenDimension\":\"39307700000\",\r\n    \"payroll_id\":\"900000050033685\"\r\n}"
				},
				"url": {
					"raw": "{{HOST}}/baas-massive-payment/api/v1/confirming/dashboard/delete/portfolio",
					"host": [
						"{{HOST}}"
					],
					"path": [
						"baas-massive-payment",
						"api",
						"v1",
						"confirming",
						"dashboard",
						"delete",
						"portfolio"
					]
				}
			},
			"response": []
		},
		{
			"name": "Common Admin Beneficiary Add",
			"request": {
				"method": "POST",
				"header": [
					{
						"key": "Accept",
						"value": "application/json"
					},
					{
						"key": "Content-Type",
						"value": "application/json"
					},
					{
						"key": "Authorization",
						"value": "Bearer {{token}}"
					}
				],
				"body": {
					"mode": "raw",
					"raw": "{\r\n    \"id\":1,\r\n    \"rut\":\"93077000\",\r\n    \"name\":\"Beneficiary\",\r\n    \"alias\":\"Beneficiary\",\r\n    \"detail\":{\r\n        \"currency\":1,\r\n        \"acc_numbr\":\"121142\",\r\n        \"adr_email\":\"gus@gmail.com\",\r\n        \"bank_id\":\"012\",\r\n        \"bank_name\":\"Scotia\",\r\n        \"acc_type\":\"1\",\r\n        \"branch_id\":\"test\"\r\n    }\r\n}"
				},
				"url": {
					"raw": "{{HOST}}/baas-massive-payment/api/v1/common/admin/beneficiary/add",
					"host": [
						"{{HOST}}"
					],
					"path": [
						"baas-massive-payment",
						"api",
						"v1",
						"common",
						"admin",
						"beneficiary",
						"add"
					]
				}
			},
			"response": []
		},
		{
			"name": "Common Admin Beneficiary Update",
			"request": {
				"method": "PUT",
				"header": [
					{
						"key": "Accept",
						"value": "application/json"
					},
					{
						"key": "Content-Type",
						"value": "application/json"
					},
					{
						"key": "Authorization",
						"value": "Bearer {{token}}"
					}
				],
				"body": {
					"mode": "raw",
					"raw": "{\r\n    \"id\":1,\r\n    \"rut\":\"93077000\",\r\n    \"name\":\"Beneficiary\",\r\n    \"alias\":\"Beneficiary\",\r\n    \"detail\":{\r\n        \"currency\":1,\r\n        \"acc_numbr\":\"121142\",\r\n        \"adr_email\":\"gus@gmail.com\",\r\n        \"bank_id\":\"012\",\r\n        \"bank_name\":\"Scotia\",\r\n        \"acc_type\":\"1\",\r\n        \"branch_id\":\"test\"\r\n    }\r\n}"
				},
				"url": {
					"raw": "{{HOST}}/baas-massive-payment/api/v1/common/admin/beneficiary/update",
					"host": [
						"{{HOST}}"
					],
					"path": [
						"baas-massive-payment",
						"api",
						"v1",
						"common",
						"admin",
						"beneficiary",
						"update"
					]
				}
			},
			"response": []
		},
		{
			"name": "Common Admin Beneficiary Delete",
			"request": {
				"method": "DELETE",
				"header": [
					{
						"key": "Accept",
						"value": "application/json"
					},
					{
						"key": "Content-Type",
						"value": "application/json"
					},
					{
						"key": "Authorization",
						"value": "Bearer {{token}}"
					}
				],
				"url": {
					"raw": "{{HOST}}/baas-massive-payment/api/v1/common/admin/beneficiary/delete/1",
					"host": [
						"{{HOST}}"
					],
					"path": [
						"baas-massive-payment",
						"api",
						"v1",
						"common",
						"admin",
						"beneficiary",
						"delete",
						"1"
					]
				}
			},
			"response": []
		},
		{
			"name": "Confirming Dashboard Docs Financed Period",
			"request": {
				"method": "POST",
				"header": [
					{
						"key": "Accept",
						"value": "application/json"
					},
					{
						"key": "Content-Type",
						"value": "application/json"
					},
					{
						"key": "Authorization",
						"value": "Bearer {{token}}"
					}
				],
				"body": {
					"mode": "raw",
					"raw": "{\r\n\t\"customerId\":\"00930770000\",\r\n\t\"agreement_code\":\"1\",\r\n\t\"initial_period\":\"202201\",\r\n    \"final_period\":\"202212\"\r\n}"
				},
				"url": {
					"raw": "{{HOST}}/baas-massive-payment/api/v1/confirming/dashboard/docs/financed/period",
					"host": [
						"{{HOST}}"
					],
					"path": [
						"baas-massive-payment",
						"api",
						"v1",
						"confirming",
						"dashboard",
						"docs",
						"financed",
						"period"
					]
				}
			},
			"response": []
		},
		{
			"name": "Dashboard Paysheet Active",
			"request": {
				"method": "POST",
				"header": [
					{
						"key": "Accept",
						"value": "application/json"
					},
					{
						"key": "Content-Type",
						"value": "application/json"
					},
					{
						"key": "Authorization",
						"value": "Bearer {{token}}"
					}
				],
				"body": {
					"mode": "raw",
					"raw": "{\r\n\t\"agreementCodePer\":\"0\",\r\n\t\"agreementCodeMpgo\":\"0\",\r\n\t\"agreementCodeNmd\":\"1\"\r\n}"
				},
				"url": {
					"raw": "{{HOST}}/baas-massive-payment/api/v1/dashboard/paysheet/active",
					"host": [
						"{{HOST}}"
					],
					"path": [
						"baas-massive-payment",
						"api",
						"v1",
						"dashboard",
						"paysheet",
						"active"
					]
				}
			},
			"response": []
		},
		{
			"name": "Confirming Facility Validation",
			"request": {
				"method": "POST",
				"header": [
					{
						"key": "Accept",
						"value": "application/json"
					},
					{
						"key": "Content-Type",
						"value": "application/json"
					},
					{
						"key": "Authorization",
						"value": "Bearer {{token}}"
					}
				],
				"body": {
					"mode": "raw",
					"raw": "{\r\n\t\"payroll_identity\":\"29887764\"\r\n}"
				},
				"url": {
					"raw": "{{HOST}}/baas-massive-payment/api/v1/confirming/facility/validation",
					"host": [
						"{{HOST}}"
					],
					"path": [
						"baas-massive-payment",
						"api",
						"v1",
						"confirming",
						"facility",
						"validation"
					]
				}
			},
			"response": []
		},
		{
			"name": "Custom Payment Summary Payroll Validation",
			"request": {
				"method": "POST",
				"header": [
					{
						"key": "Accept",
						"value": "application/json"
					},
					{
						"key": "Content-Type",
						"value": "application/json"
					},
					{
						"key": "Authorization",
						"value": "Bearer {{token}}"
					}
				],
				"body": {
					"mode": "raw",
					"raw": "{\r\n\t\"origin_system\":\"PER\",\r\n    \"payroll_identifier\":\"29887764\"\r\n}"
				},
				"url": {
					"raw": "{{HOST}}/baas-massive-payment/api/v1/custom/payment/summary/payroll/validation",
					"host": [
						"{{HOST}}"
					],
					"path": [
						"baas-massive-payment",
						"api",
						"v1",
						"custom",
						"payment",
						"summary",
						"payroll",
						"validation"
					]
				}
			},
			"response": []
		},
		{
			"name": "Dashboard Paysheet Active Detail",
			"request": {
				"method": "POST",
				"header": [
					{
						"key": "Accept",
						"value": "application/json"
					},
					{
						"key": "Content-Type",
						"value": "application/json"
					},
					{
						"key": "Authorization",
						"value": "Bearer {{token}}"
					}
				],
				"body": {
					"mode": "raw",
					"raw": "{\r\n\t\"numberRecord\":\"5001\",\r\n    \"rutAgreement\":\"00930770000\",\r\n    \"origin_system\":\"MPGO\",\r\n    \"agreement_code\":\"\",\r\n    \"payroll_status\":\"*\",\r\n    \"recall_code\":\"\"\r\n}"
				},
				"url": {
					"raw": "{{HOST}}/baas-massive-payment/api/v1/dashboard/paysheet/active/detail",
					"host": [
						"{{HOST}}"
					],
					"path": [
						"baas-massive-payment",
						"api",
						"v1",
						"dashboard",
						"paysheet",
						"active",
						"detail"
					]
				}
			},
			"response": []
		},
		{
			"name": "Custom Payment Manual Payroll Entry",
			"request": {
				"method": "POST",
				"header": [
					{
						"key": "Accept",
						"value": "application/json"
					},
					{
						"key": "Content-Type",
						"value": "application/json"
					},
					{
						"key": "Authorization",
						"value": "Bearer {{token}}"
					}
				],
				"body": {
					"mode": "raw",
					"raw": "{\r\n\t\"origin_system\":\"MPGO\",\r\n    \"payroll_id\":\"29887764\",\r\n    \"payments_quantity\":\"1\",\r\n    \"list_info\":[\r\n        {\r\n            \"addressee_rut\":\"00101002276\",\r\n            \"addressee_name\":\"test\",\r\n            \"addressee_email\":\"test@gmail.com\",\r\n            \"payment_method\":\"OB\",\r\n            \"payment_account\":\"12345678\",\r\n            \"bank_code\":\"013\",\r\n            \"retreat_branch_VV\":\"0\",\r\n            \"payment_amount\":\"100\",\r\n            \"payment_gloss\":\"test prueba\",\r\n            \"web_payment_ID\":\"0001\"\r\n        }\r\n    ]\r\n\r\n}"
				},
				"url": {
					"raw": "{{HOST}}/baas-massive-payment/api/v1/custom/payment/manual/payroll/entry",
					"host": [
						"{{HOST}}"
					],
					"path": [
						"baas-massive-payment",
						"api",
						"v1",
						"custom",
						"payment",
						"manual",
						"payroll",
						"entry"
					]
				}
			},
			"response": []
		},
		{
			"name": "Custom Payment Manual Payroll Entry Docs",
			"request": {
				"method": "POST",
				"header": [
					{
						"key": "Accept",
						"value": "application/json"
					},
					{
						"key": "Content-Type",
						"value": "application/json"
					},
					{
						"key": "Authorization",
						"value": "Bearer {{token}}"
					}
				],
				"body": {
					"mode": "raw",
					"raw": "{\r\n\t\"origin_system\":\"PER\",\r\n    \"payroll_id\":\"20230719160626713000\",\r\n    \"list_info\":[\r\n        {\r\n            \"web_payment_ID\":\"0001\",\r\n                \"sublist_info\":[\r\n                    {\r\n                    \"document_type\":\"BO\",\r\n                    \"reference_number\":\"100\",\r\n                    \"document_gloss\":\"test prueba\",\r\n                    \"document_amount\":\"100\"\r\n                }\r\n            ]\r\n        }\r\n    ]\r\n\r\n}"
				},
				"url": {
					"raw": "{{HOST}}/baas-massive-payment/api/v1/custom/payment/manual/payroll/entry/docs",
					"host": [
						"{{HOST}}"
					],
					"path": [
						"baas-massive-payment",
						"api",
						"v1",
						"custom",
						"payment",
						"manual",
						"payroll",
						"entry",
						"docs"
					]
				}
			},
			"response": []
		},
		{
			"name": "Confirming User Login",
			"request": {
				"method": "POST",
				"header": [
					{
						"key": "Accept",
						"value": "application/json"
					},
					{
						"key": "Content-Type",
						"value": "application/json"
					},
					{
						"key": "Authorization",
						"value": "Bearer {{token}}"
					}
				],
				"body": {
					"mode": "raw",
					"raw": "{\r\n\"root_customer_id\":\"0763243494\",\r\n\"paysheet_type_code\":\"MPGO\",\r\n\"agreement_code\":\"2\",\r\n\"paysheet_id\":\"20191105113029759000\",\r\n\"payment_id\":\"27\",    \r\n\"document_id\":0, \r\n\"cursor\":\"\", \r\n\"limit\":\"\"\r\n}"
				},
				"url": {
					"raw": "{{HOST}}/baas-massive-payment/api/v1/confirming/query/user/login",
					"host": [
						"{{HOST}}"
					],
					"path": [
						"baas-massive-payment",
						"api",
						"v1",
						"confirming",
						"query",
						"user",
						"login"
					]
				}
			},
			"response": []
		},
		{
			"name": "Dashboard User Enterprises",
			"request": {
				"method": "GET",
				"header": [
					{
						"key": "Accept",
						"value": "application/json"
					},
					{
						"key": "Accept-Language",
						"value": "es-ES,es;q=0.9"
					},
					{
						"key": "Authorization",
						"value": "Bearer {{token}}"
					},
					{
						"key": "Connection",
						"value": "keep-alive"
					},
					{
						"key": "JWT",
						"value": "{{token}}"
					},
					{
						"key": "Referer",
						"value": "http://10.34.16.35:9083/portalempresas/home/payments/dashboard"
					},
					{
						"key": "User-Agent",
						"value": "Mozilla/5.0 (Windows NT 10.0; Win64; x64) AppleWebKit/537.36 (KHTML, like Gecko) Chrome/121.0.0.0 Safari/537.36"
					}
				],
				"url": {
					"raw": "{{HOST}}/baas-massive-payment/api/v1/dashboard/user/enterprises",
					"host": [
						"{{HOST}}"
					],
					"path": [
						"baas-massive-payment",
						"api",
						"v1",
						"dashboard",
						"user",
						"enterprises"
					]
				}
			},
			"response": []
		},
		{
			"name": "Common Admin Beneficiary List",
			"request": {
				"method": "GET",
				"header": [
					{
						"key": "Accept",
						"value": "application/json"
					},
					{
						"key": "Accept-Language",
						"value": "es-ES,es;q=0.9"
					},
					{
						"key": "Authorization",
						"value": "Bearer {{token}}"
					},
					{
						"key": "Connection",
						"value": "keep-alive"
					},
					{
						"key": "JWT",
						"value": "{{token}}"
					},
					{
						"key": "Referer",
						"value": "http://10.34.16.35:9083/portalempresas/home/payments/dashboard"
					},
					{
						"key": "User-Agent",
						"value": "Mozilla/5.0 (Windows NT 10.0; Win64; x64) AppleWebKit/537.36 (KHTML, like Gecko) Chrome/121.0.0.0 Safari/537.36"
					}
				],
				"url": {
					"raw": "{{HOST}}/baas-massive-payment/api/v1/common/admin/beneficiary/list",
					"host": [
						"{{HOST}}"
					],
					"path": [
						"baas-massive-payment",
						"api",
						"v1",
						"common",
						"admin",
						"beneficiary",
						"list"
					]
				}
			},
			"response": []
		},
		{
			"name": "Common Passport Token",
			"request": {
				"method": "GET",
				"header": [
					{
						"key": "Accept",
						"value": "application/json"
					},
					{
						"key": "Accept-Language",
						"value": "es-ES,es;q=0.9"
					},
					{
						"key": "Authorization",
						"value": "Bearer {{token}}"
					},
					{
						"key": "Connection",
						"value": "keep-alive"
					},
					{
						"key": "JWT",
						"value": "{{token}}"
					},
					{
						"key": "Referer",
						"value": "http://10.34.16.35:9083/portalempresas/home/payments/dashboard"
					},
					{
						"key": "User-Agent",
						"value": "Mozilla/5.0 (Windows NT 10.0; Win64; x64) AppleWebKit/537.36 (KHTML, like Gecko) Chrome/121.0.0.0 Safari/537.36"
					}
				],
				"url": {
					"raw": "{{HOST}}/baas-massive-payment/api/v1/common/passport/token",
					"host": [
						"{{HOST}}"
					],
					"path": [
						"baas-massive-payment",
						"api",
						"v1",
						"common",
						"passport",
						"token"
					]
				}
			},
			"response": []
		},
		{
			"name": "Confirming Payers Sharing",
			"request": {
				"method": "GET",
				"header": [
					{
						"key": "Accept",
						"value": "application/json"
					},
					{
						"key": "Accept-Language",
						"value": "es-ES,es;q=0.9"
					},
					{
						"key": "Authorization",
						"value": "Bearer {{token}}"
					},
					{
						"key": "Connection",
						"value": "keep-alive"
					},
					{
						"key": "JWT",
						"value": "{{token}}"
					},
					{
						"key": "Referer",
						"value": "http://10.34.16.35:9083/portalempresas/home/payments/dashboard"
					},
					{
						"key": "User-Agent",
						"value": "Mozilla/5.0 (Windows NT 10.0; Win64; x64) AppleWebKit/537.36 (KHTML, like Gecko) Chrome/121.0.0.0 Safari/537.36"
					}
				],
				"url": {
					"raw": "{{HOST}}/baas-massive-payment/api/v1/confirming/query/payers/sharing",
					"host": [
						"{{HOST}}"
					],
					"path": [
						"baas-massive-payment",
						"api",
						"v1",
						"confirming",
						"query",
						"payers",
						"sharing"
					]
				}
			},
			"response": []
		},
		{
			"name": "Confirming Dashboard Invoices Expired",
			"request": {
				"method": "GET",
				"header": [
					{
						"key": "Accept",
						"value": "application/json"
					},
					{
						"key": "Accept-Language",
						"value": "es-ES,es;q=0.9"
					},
					{
						"key": "Authorization",
						"value": "Bearer {{token}}"
					},
					{
						"key": "Connection",
						"value": "keep-alive"
					},
					{
						"key": "JWT",
						"value": "{{token}}"
					},
					{
						"key": "Referer",
						"value": "http://10.34.16.35:9083/portalempresas/home/payments/dashboard"
					},
					{
						"key": "User-Agent",
						"value": "Mozilla/5.0 (Windows NT 10.0; Win64; x64) AppleWebKit/537.36 (KHTML, like Gecko) Chrome/121.0.0.0 Safari/537.36"
					}
				],
				"url": {
					"raw": "{{HOST}}/baas-massive-payment/api/v1/confirming/dashboard/invoices/expired",
					"host": [
						"{{HOST}}"
					],
					"path": [
						"baas-massive-payment",
						"api",
						"v1",
						"confirming",
						"dashboard",
						"invoices",
						"expired"
					]
				}
			},
			"response": []
		},
		{
			"name": "Confirming Dashboard Invoices Arreas",
			"request": {
				"method": "GET",
				"header": [
					{
						"key": "Accept",
						"value": "application/json"
					},
					{
						"key": "Accept-Language",
						"value": "es-ES,es;q=0.9"
					},
					{
						"key": "Authorization",
						"value": "Bearer {{token}}"
					},
					{
						"key": "Connection",
						"value": "keep-alive"
					},
					{
						"key": "JWT",
						"value": "{{token}}"
					},
					{
						"key": "Referer",
						"value": "http://10.34.16.35:9083/portalempresas/home/payments/dashboard"
					},
					{
						"key": "User-Agent",
						"value": "Mozilla/5.0 (Windows NT 10.0; Win64; x64) AppleWebKit/537.36 (KHTML, like Gecko) Chrome/121.0.0.0 Safari/537.36"
					}
				],
				"url": {
					"raw": "{{HOST}}/baas-massive-payment/api/v1/confirming/dashboard/invoices/arrears",
					"host": [
						"{{HOST}}"
					],
					"path": [
						"baas-massive-payment",
						"api",
						"v1",
						"confirming",
						"dashboard",
						"invoices",
						"arrears"
					]
				}
			},
			"response": []
		},
		{
			"name": "Confirming Invoices Financed",
			"request": {
				"method": "GET",
				"header": [
					{
						"key": "Accept",
						"value": "application/json"
					},
					{
						"key": "Accept-Language",
						"value": "es-ES,es;q=0.9"
					},
					{
						"key": "Authorization",
						"value": "Bearer {{token}}"
					},
					{
						"key": "Connection",
						"value": "keep-alive"
					},
					{
						"key": "JWT",
						"value": "{{token}}"
					},
					{
						"key": "Referer",
						"value": "http://10.34.16.35:9083/portalempresas/home/payments/dashboard"
					},
					{
						"key": "User-Agent",
						"value": "Mozilla/5.0 (Windows NT 10.0; Win64; x64) AppleWebKit/537.36 (KHTML, like Gecko) Chrome/121.0.0.0 Safari/537.36"
					}
				],
				"url": {
					"raw": "{{HOST}}/baas-massive-payment/api/v1/confirming/query/invoices/financed",
					"host": [
						"{{HOST}}"
					],
					"path": [
						"baas-massive-payment",
						"api",
						"v1",
						"confirming",
						"query",
						"invoices",
						"financed"
					]
				}
			},
			"response": []
		},
		{
			"name": "Confirming Payroll Signed",
			"request": {
				"method": "GET",
				"header": [
					{
						"key": "Accept",
						"value": "application/json"
					},
					{
						"key": "Accept-Language",
						"value": "es-ES,es;q=0.9"
					},
					{
						"key": "Authorization",
						"value": "Bearer {{token}}"
					},
					{
						"key": "Connection",
						"value": "keep-alive"
					},
					{
						"key": "JWT",
						"value": "{{token}}"
					},
					{
						"key": "Referer",
						"value": "http://10.34.16.35:9083/portalempresas/home/payments/dashboard"
					},
					{
						"key": "User-Agent",
						"value": "Mozilla/5.0 (Windows NT 10.0; Win64; x64) AppleWebKit/537.36 (KHTML, like Gecko) Chrome/121.0.0.0 Safari/537.36"
					}
				],
				"url": {
					"raw": "{{HOST}}/baas-massive-payment/api/v1/confirming/query/payroll/signed",
					"host": [
						"{{HOST}}"
					],
					"path": [
						"baas-massive-payment",
						"api",
						"v1",
						"confirming",
						"query",
						"payroll",
						"signed"
					]
				}
			},
			"response": []
		},
		{
			"name": "Confirming Validity Time",
			"request": {
				"method": "GET",
				"header": [
					{
						"key": "Accept",
						"value": "application/json"
					},
					{
						"key": "Accept-Language",
						"value": "es-ES,es;q=0.9"
					},
					{
						"key": "Authorization",
						"value": "Bearer {{token}}"
					},
					{
						"key": "Connection",
						"value": "keep-alive"
					},
					{
						"key": "JWT",
						"value": "{{token}}"
					},
					{
						"key": "Referer",
						"value": "http://10.34.16.35:9083/portalempresas/home/payments/dashboard"
					},
					{
						"key": "User-Agent",
						"value": "Mozilla/5.0 (Windows NT 10.0; Win64; x64) AppleWebKit/537.36 (KHTML, like Gecko) Chrome/121.0.0.0 Safari/537.36"
					}
				],
				"url": {
					"raw": "{{HOST}}/baas-massive-payment/api/v1/confirming/query/validity/time",
					"host": [
						"{{HOST}}"
					],
					"path": [
						"baas-massive-payment",
						"api",
						"v1",
						"confirming",
						"query",
						"validity",
						"time"
					]
				}
			},
			"response": []
		},
		{
			"name": "Confirming User Agreements",
			"request": {
				"method": "GET",
				"header": [
					{
						"key": "Accept",
						"value": "application/json"
					},
					{
						"key": "Accept-Language",
						"value": "es-ES,es;q=0.9"
					},
					{
						"key": "Authorization",
						"value": "Bearer {{token}}"
					},
					{
						"key": "Connection",
						"value": "keep-alive"
					},
					{
						"key": "JWT",
						"value": "{{token}}"
					},
					{
						"key": "Referer",
						"value": "http://10.34.16.35:9083/portalempresas/home/payments/dashboard"
					},
					{
						"key": "User-Agent",
						"value": "Mozilla/5.0 (Windows NT 10.0; Win64; x64) AppleWebKit/537.36 (KHTML, like Gecko) Chrome/121.0.0.0 Safari/537.36"
					}
				],
				"url": {
					"raw": "{{HOST}}/baas-massive-payment/api/v1/confirming/query/user/agreements",
					"host": [
						"{{HOST}}"
					],
					"path": [
						"baas-massive-payment",
						"api",
						"v1",
						"confirming",
						"query",
						"user",
						"agreements"
					]
				}
			},
			"response": []
		},
		{
			"name": "Confirming User Enterprise",
			"request": {
				"method": "GET",
				"header": [
					{
						"key": "Accept",
						"value": "application/json"
					},
					{
						"key": "Accept-Language",
						"value": "es-ES,es;q=0.9"
					},
					{
						"key": "Authorization",
						"value": "Bearer {{token}}"
					},
					{
						"key": "Connection",
						"value": "keep-alive"
					},
					{
						"key": "JWT",
						"value": "{{token}}"
					},
					{
						"key": "Referer",
						"value": "http://10.34.16.35:9083/portalempresas/home/payments/dashboard"
					},
					{
						"key": "User-Agent",
						"value": "Mozilla/5.0 (Windows NT 10.0; Win64; x64) AppleWebKit/537.36 (KHTML, like Gecko) Chrome/121.0.0.0 Safari/537.36"
					}
				],
				"url": {
					"raw": "{{HOST}}/baas-massive-payment/api/v1/confirming/query/user/enterprises",
					"host": [
						"{{HOST}}"
					],
					"path": [
						"baas-massive-payment",
						"api",
						"v1",
						"confirming",
						"query",
						"user",
						"enterprises"
					]
				}
			},
			"response": []
		},
		{
			"name": "Account Contract Info",
			"request": {
				"method": "GET",
				"header": [
					{
						"key": "Accept",
						"value": "application/json"
					},
					{
						"key": "Accept-Language",
						"value": "es-ES,es;q=0.9"
					},
					{
						"key": "Authorization",
						"value": "Bearer {{token}}"
					},
					{
						"key": "Connection",
						"value": "keep-alive"
					},
					{
						"key": "JWT",
						"value": "{{token}}"
					},
					{
						"key": "Referer",
						"value": "http://10.34.16.35:9083/portalempresas/home/payments/dashboard"
					},
					{
						"key": "User-Agent",
						"value": "Mozilla/5.0 (Windows NT 10.0; Win64; x64) AppleWebKit/537.36 (KHTML, like Gecko) Chrome/121.0.0.0 Safari/537.36"
					}
				],
				"url": {
					"raw": "{{HOST}}/baas-massive-payment/api/v1/confirming/user/account/contract/004?type=MPGO",
					"host": [
						"{{HOST}}"
					],
					"path": [
						"baas-massive-payment",
						"api",
						"v1",
						"confirming",
						"user",
						"account",
						"contract",
						"004"
					],
					"query": [
						{
							"key": "type",
							"value": "MPGO"
						}
					]
				}
			},
			"response": []
		},
		{
			"name": "Common Admin Beneficiary Enterprises",
			"request": {
				"method": "GET",
				"header": [
					{
						"key": "Accept",
						"value": "application/json"
					},
					{
						"key": "Accept-Language",
						"value": "es-ES,es;q=0.9"
					},
					{
						"key": "Authorization",
						"value": "Bearer {{token}}"
					},
					{
						"key": "Connection",
						"value": "keep-alive"
					},
					{
						"key": "JWT",
						"value": "{{token}}"
					},
					{
						"key": "Referer",
						"value": "http://10.34.16.35:9083/portalempresas/home/payments/dashboard"
					},
					{
						"key": "User-Agent",
						"value": "Mozilla/5.0 (Windows NT 10.0; Win64; x64) AppleWebKit/537.36 (KHTML, like Gecko) Chrome/121.0.0.0 Safari/537.36"
					}
				],
				"url": {
					"raw": "{{HOST}}/baas-massive-payment/api/v1/common/admin/beneficiary/enterprises",
					"host": [
						"{{HOST}}"
					],
					"path": [
						"baas-massive-payment",
						"api",
						"v1",
						"common",
						"admin",
						"beneficiary",
						"enterprises"
					]
				}
			},
			"response": []
		},
		{
			"name": "User Enterprise",
			"request": {
				"method": "GET",
				"header": [
					{
						"key": "Accept",
						"value": "application/json"
					},
					{
						"key": "Accept-Language",
						"value": "es-ES,es;q=0.9"
					},
					{
						"key": "Authorization",
						"value": "Bearer {{token}}"
					},
					{
						"key": "Connection",
						"value": "keep-alive"
					},
					{
						"key": "JWT",
						"value": "{{token}}"
					},
					{
						"key": "Referer",
						"value": "http://10.34.16.35:9083/portalempresas/home/payments/dashboard"
					},
					{
						"key": "User-Agent",
						"value": "Mozilla/5.0 (Windows NT 10.0; Win64; x64) AppleWebKit/537.36 (KHTML, like Gecko) Chrome/121.0.0.0 Safari/537.36"
					}
				],
				"url": {
					"raw": "{{HOST}}/baas-massive-payment/api/v1/confirming/user/enterprises",
					"host": [
						"{{HOST}}"
					],
					"path": [
						"baas-massive-payment",
						"api",
						"v1",
						"confirming",
						"user",
						"enterprises"
					]
				}
			},
			"response": []
		},
		{
			"name": "Paysheet Status Modification",
			"request": {
				"method": "DELETE",
				"header": [
					{
						"key": "Accept",
						"value": "application/json"
					},
					{
						"key": "Content-Type",
						"value": "application/json"
					},
					{
						"key": "Authorization",
						"value": "Bearer {{token}}"
					}
				],
				"url": {
					"raw": "{{HOST}}/baas-massive-payment/api/v1/paysheet/status/modification?paysheetid=20241118121330522000&originsystem=PER&codconv=3",
					"host": [
						"{{HOST}}"
					],
					"path": [
						"baas-massive-payment",
						"api",
						"v1",
						"paysheet",
						"status",
						"modification"
					],
					"query": [
						{
							"key": "paysheetid",
							"value": "20241118121330522000"
						},
						{
							"key": "originsystem",
							"value": "PER"
						},
						{
							"key": "codconv",
							"value": "3"
						}
					]
				}
			},
			"response": []
		},
		{
			"name": "Paysheet Cashmanagement Authorization",
			"request": {
				"method": "POST",
				"header": [
					{
						"key": "Accept",
						"value": "application/json"
					},
					{
						"key": "Accept-Language",
						"value": "es-ES,es;q=0.9,pt;q=0.8,en;q=0.7"
					},
					{
						"key": "Authorization",
						"value": "Bearer {{token}}"
					},
					{
						"key": "Connection",
						"value": "keep-alive"
					},
					{
						"key": "Content-Type",
						"value": "application/json;charset=UTF-8"
					},
					{
						"key": "Cookie",
						"value": "mdLogger=false; kampyle_userid=7e43-3165-bbab-4274-6e75-83e7-bbbb-2362; _gcl_au=1.1.1480995431.1724336827; _ga=GA1.1.644295297.1724336834; _fbp=fb.3.1724337210773.52615679744816844; _gid=GA1.1.1033771244.1727646220; kampyleUserSession=1727712289093; kampyleUserSessionsCount=67; kampyleSessionPageCounter=1; _gali=DEVICE"
					},
					{
						"key": "JWT",
						"value": "{{token}}"
					},
					{
						"key": "Origin",
						"value": "http://10.34.20.19:9080"
					},
					{
						"key": "Referer",
						"value": "http://10.34.20.19:9080/portalempresas/home/confirming/load-payments"
					},
					{
						"key": "User-Agent",
						"value": "Mozilla/5.0 (Windows NT 10.0; Win64; x64) AppleWebKit/537.36 (KHTML, like Gecko) Chrome/129.0.0.0 Safari/537.36"
					}
				],
				"body": {
					"mode": "raw",
					"raw": "{\r\n    \"numberagreement\": \"0000000000970001682\",\r\n    \"amount\": 13000000,\r\n    \"currency\": \"CLP\",\r\n    \"agreementcode\": \"002 - PROVEEDORES METSO MINERALS CHILE S.A\",\r\n    \"rosterDescription\": \"TEST1234456\",\r\n    \"numRecords\": \"2\",\r\n    \"paymentDate\": \"16/10/2024\",\r\n    \"paysheet_id\": \"20241011155613287000\",\r\n    \"confirmingType\": \"Confirming Electrónico\",\r\n    \"code_agreement\": \"002\",\r\n    \"secondary_code\": \"MPGO\",\r\n    \"rut_agreement\": \"930770000\"\r\n}",
					"options": {
						"raw": {
							"language": "json"
						}
					}
				},
				"url": {
					"raw": "{{HOST}}/baas-massive-payment/api/v1/cashmanagement/paysheet",
					"host": [
						"{{HOST}}"
					],
					"path": [
						"baas-massive-payment",
						"api",
						"v1",
						"cashmanagement",
						"paysheet"
					]
				}
			},
			"response": []
		}
	],
	"event": [
		{
			"listen": "prerequest",
			"script": {
				"type": "text/javascript",
				"packages": {},
				"exec": [
					""
				]
			}
		},
		{
			"listen": "test",
			"script": {
				"type": "text/javascript",
				"packages": {},
				"exec": [
					""
				]
			}
		}
	],
	"variable": [
		{
			"key": "token",
			"value": ""
		}
	]
}