{
	"info": {
		"_postman_id": "22643264-027a-45c5-a2e1-dadfe567aff5",
		"name": "BFF Smart Delivery",
		"schema": "https://schema.getpostman.com/json/collection/v2.1.0/collection.json",
		"_exporter_id": "2940734"
	},
	"item": [
		{
			"name": "1 Token QA",
			"event": [
				{
					"listen": "test",
					"script": {
						"type": "text/javascript",
						"exec": [
							"var jsonData = JSON.parse(responseBody);",
							"postman.setGlobalVariable(\"token_sd\", jsonData.access_token);"
						]
					}
				}
			],
			"request": {
				"method": "POST",
				"header": [
					{
						"key": "grant_type",
						"value": "client_credentials",
						"disabled": true
					},
					{
						"key": "client_id",
						"value": "client_microsoft",
						"disabled": true
					},
					{
						"key": "client_secret",
						"value": "client_microsoft_secret",
						"disabled": true
					},
					{
						"key": "Content-Type",
						"value": "application/json"
					}
				],
				"body": {
					"mode": "raw",
					"raw": "{\"grant_type\":\"client_credentials\",\n\"client_id\": \"aRl4oWEBF2CP0oWW1QU\",\n\"client_secret\": \"ohuLPCkewjjwQMCa\"}"
				},
				"url": {
					"raw": "https://api.qa.rfsc.cl/api/v1.0/sec/oauth2/token",
					"protocol": "https",
					"host": [
						"api",
						"qa",
						"rfsc",
						"cl"
					],
					"path": [
						"api",
						"v1.0",
						"sec",
						"oauth2",
						"token"
					]
				}
			},
			"response": []
		},
		{
			"name": "2 Crear Sesion QA",
			"request": {
				"method": "POST",
				"header": [
					{
						"key": "Content-Type",
						"value": "application/json"
					},
					{
						"key": "X-Request-ID",
						"value": "46cc67ac-1d8f-4fae-9b76-eebc4f0359b0"
					},
					{
						"key": "Authorization",
						"value": "Bearer qj7MgSoIoYJMFjKXoKI2xe2UdAnFhAjn"
					},
					{
						"key": "x-canal-id",
						"value": "120"
					},
					{
						"key": "x-cliente-id",
						"value": "158279762-CHL-1"
					},
					{
						"key": "x-ip",
						"value": "0.0.0.0"
					},
					{
						"key": "x-usuario-id",
						"value": "alejandro.trigo@cencosudscotiabank.cl"
					},
					{
						"key": "x-rol-principal",
						"value": "Rol Atencion al Cliente"
					},
					{
						"key": "x-rut-ejecutivo",
						"value": "167121748-CHL-1"
					}
				],
				"body": {
					"mode": "formdata",
					"formdata": []
				},
				"url": {
					"raw": "https://api.qa.rfsc.cl/api/v1.0/sesiones/",
					"protocol": "https",
					"host": [
						"api",
						"qa",
						"rfsc",
						"cl"
					],
					"path": [
						"api",
						"v1.0",
						"sesiones",
						""
					]
				}
			},
			"response": []
		},
		{
			"name": "2 Crear Sesion QA Copy",
			"event": [
				{
					"listen": "test",
					"script": {
						"type": "text/javascript",
						"exec": [
							"var jsonData = JSON.parse(responseBody);\r",
							"postman.setGlobalVariable(\"sesion_sd\", jsonData.id_sesion);"
						]
					}
				}
			],
			"request": {
				"method": "POST",
				"header": [
					{
						"key": "Content-Type",
						"value": "application/json",
						"type": "text"
					},
					{
						"key": "X-Request-ID",
						"value": "80d60a80-8158-11e8-adc0-fa7ae01bbebc",
						"type": "text"
					},
					{
						"key": "Authorization",
						"value": "Bearer pzDqvv2wUnmqkC5ClXZSmkJG872ZMStS",
						"type": "text"
					},
					{
						"key": "x-canal-id",
						"value": "120",
						"type": "text"
					},
					{
						"key": "x-cliente-id",
						"value": "94893119-CHL-1",
						"type": "text"
					},
					{
						"key": "x-ip",
						"value": "0.0.0.0",
						"type": "text"
					},
					{
						"key": "x-usuario-id",
						"value": "luis.palomino@cencosudscotiabank.cl",
						"type": "text"
					},
					{
						"key": "x-rol-principal",
						"value": "2",
						"type": "text"
					}
				],
				"url": {
					"raw": "https://api-interna.rfsc.cencosud.corp:8443/api/v1.0/sesiones/",
					"protocol": "https",
					"host": [
						"api-interna",
						"rfsc",
						"cencosud",
						"corp"
					],
					"port": "8443",
					"path": [
						"api",
						"v1.0",
						"sesiones",
						""
					]
				}
			},
			"response": []
		},
		{
			"name": "4 Subir Nivel Sesion",
			"request": {
				"method": "PUT",
				"header": [
					{
						"key": "x-canal-id",
						"value": "290",
						"type": "text"
					},
					{
						"key": "Content-Type",
						"value": "application/json",
						"type": "text"
					},
					{
						"key": "Authorization",
						"value": "Bearer {{token_sd}}",
						"type": "text"
					},
					{
						"key": "x-ip",
						"value": "0.0.0.0",
						"type": "text"
					},
					{
						"key": "x-cliente-id",
						"value": "167121748-CHL-1",
						"type": "text"
					},
					{
						"key": "X-Request-ID",
						"value": "53647ae6-1dde-47e5-a283-80bcb8a88e9f",
						"type": "text"
					},
					{
						"key": "x-usuario-id",
						"value": "luis.palomino@cencosudscotiabank.cl",
						"type": "text"
					}
				],
				"body": {
					"mode": "raw",
					"raw": "{\r\n  \"nivel_actual\": 1,\r\n  \"nivel_requerido\": 4,\r\n  \"factor_utilizado\": \"FACIAL\",\r\n  \"idToc\":\"pruebasin_\"\r\n}"
				},
				"url": {
					"raw": "https://api.desa.rfsc.cl/api/v1.0/sesiones/9894a9a9-4f8d-4f73-801a-1ccdd59425d1",
					"protocol": "https",
					"host": [
						"api",
						"desa",
						"rfsc",
						"cl"
					],
					"path": [
						"api",
						"v1.0",
						"sesiones",
						"9894a9a9-4f8d-4f73-801a-1ccdd59425d1"
					]
				}
			},
			"response": []
		},
		{
			"name": "Get Sesion",
			"request": {
				"method": "GET",
				"header": [
					{
						"key": "Authorization",
						"value": "bearer VgWfRc2iXeTUr4vfPOh7Djla3oEYfWa9",
						"type": "text"
					},
					{
						"key": "x-cliente-id",
						"value": "167121748-CHL-1",
						"type": "text"
					},
					{
						"key": "x-usuario-id",
						"value": "FSP00009@scotiabankcnco.onmicrosoft.com",
						"type": "text",
						"disabled": true
					},
					{
						"key": "x-ip",
						"value": "1",
						"type": "text"
					},
					{
						"key": "x-rut-ejecutivo",
						"value": "167121748-CHL-1",
						"type": "text"
					}
				],
				"url": {
					"raw": "https://api-interna.rfsc.cencosud.corp:8443/api/v1.0/sesiones/",
					"protocol": "https",
					"host": [
						"api-interna",
						"rfsc",
						"cencosud",
						"corp"
					],
					"port": "8443",
					"path": [
						"api",
						"v1.0",
						"sesiones",
						""
					],
					"query": [
						{
							"key": "",
							"value": "",
							"disabled": true
						},
						{
							"key": "",
							"value": "",
							"disabled": true
						},
						{
							"key": "",
							"value": "",
							"disabled": true
						}
					]
				}
			},
			"response": []
		},
		{
			"name": "Aseguramiento Telefono",
			"request": {
				"method": "PUT",
				"header": [
					{
						"key": "x-session-id",
						"value": "{{sesion_sd}}",
						"type": "text"
					},
					{
						"key": "x-canal-id",
						"value": "290",
						"type": "text"
					},
					{
						"key": "Authorization",
						"value": "Bearer {{token_sd}}",
						"type": "text",
						"disabled": true
					},
					{
						"key": "apikey",
						"value": "3t4RDzeYOCkrVmr88U5X3PSkdmHNMdmf",
						"type": "text"
					}
				],
				"body": {
					"mode": "raw",
					"raw": "{\n    \"telefono\": {\n        \"codigo_pais\": \"+56\",\n        \"codigo_area\": \"9\",\n        \"numero\": \"90148447\"\n    },\n    \"seguro\": true,\n    \"principalidad\": true\n}"
				},
				"url": {
					"raw": "https://api-qa.oapi.rfsc.cl/api/v1.0/clientes/175181636/aseguramiento-telefono",
					"protocol": "https",
					"host": [
						"api-qa",
						"oapi",
						"rfsc",
						"cl"
					],
					"path": [
						"api",
						"v1.0",
						"clientes",
						"175181636",
						"aseguramiento-telefono"
					]
				}
			},
			"response": []
		},
		{
			"name": "Certificado de deuda",
			"request": {
				"method": "GET",
				"header": [],
				"url": {
					"raw": ""
				}
			},
			"response": []
		},
		{
			"name": "pRUEBA ",
			"request": {
				"method": "GET",
				"header": [
					{
						"key": "Authorization",
						"value": "Bearer ex5BRs4v59dwiwWxjRWhm8EWmzy7hvuf",
						"type": "text"
					},
					{
						"key": "x-sesion-id",
						"value": "2fa2d644-425c-4525-944d-85d759fcfa21",
						"type": "text"
					},
					{
						"key": "x-canal-id",
						"value": "120",
						"type": "text"
					},
					{
						"key": "x-sucursal-id",
						"value": "1200108",
						"type": "text"
					},
					{
						"key": "x-usuario-id",
						"value": "sebastian.mellamorales@cencosudscotiabank.cl",
						"type": "text"
					}
				],
				"url": {
					"raw": "https://api.desa.rfsc.cl/api/v1.0/clientes/158279762/ofertas-complementarias?tipo_documento=1&pais=CHL&pagina=0&maximo=500",
					"protocol": "https",
					"host": [
						"api",
						"desa",
						"rfsc",
						"cl"
					],
					"path": [
						"api",
						"v1.0",
						"clientes",
						"158279762",
						"ofertas-complementarias"
					],
					"query": [
						{
							"key": "tipo_documento",
							"value": "1"
						},
						{
							"key": "pais",
							"value": "CHL"
						},
						{
							"key": "pagina",
							"value": "0"
						},
						{
							"key": "maximo",
							"value": "500"
						}
					]
				}
			},
			"response": []
		},
		{
			"name": "GetTiposBloqueo",
			"request": {
				"method": "GET",
				"header": [],
				"url": {
					"raw": ""
				}
			},
			"response": []
		},
		{
			"name": "Prueba direccion",
			"request": {
				"method": "GET",
				"header": [],
				"url": {
					"raw": ""
				}
			},
			"response": []
		},
		{
			"name": "Get Ofertas Local",
			"request": {
				"method": "GET",
				"header": [
					{
						"key": "x-sesion-id",
						"value": "be1040f9-5f56-4bc2-a2d2-330bec154b07"
					},
					{
						"key": "x-canal-id",
						"value": "120"
					},
					{
						"key": "x-sucursal-id",
						"value": "1200108"
					},
					{
						"key": "x-usuario-id",
						"value": "alejandro.trigo@cencosudscotiabank.cl"
					},
					{
						"key": "Authorization",
						"value": "Bearer b2D9S1OHoqLoCcZYBZHuubGXUco0DPNE"
					}
				],
				"url": {
					"raw": "https://api.desa.rfsc.cl/api/v1.0/clientes/110149603/ofertas?tipo_documento=1&pais=CHL&pagina=0&maximo=500",
					"protocol": "https",
					"host": [
						"api",
						"desa",
						"rfsc",
						"cl"
					],
					"path": [
						"api",
						"v1.0",
						"clientes",
						"110149603",
						"ofertas"
					],
					"query": [
						{
							"key": "tipo_documento",
							"value": "1"
						},
						{
							"key": "pais",
							"value": "CHL"
						},
						{
							"key": "pagina",
							"value": "0"
						},
						{
							"key": "maximo",
							"value": "500"
						}
					]
				}
			},
			"response": []
		},
		{
			"name": "Get Ofertas PROD",
			"request": {
				"method": "GET",
				"header": [
					{
						"key": "x-sesion-id",
						"value": "d2cc8cf7-b121-4595-b40b-1648f34e1e3c",
						"type": "text"
					},
					{
						"key": "x-canal-id",
						"value": "120",
						"type": "text"
					},
					{
						"key": "x-sucursal-id",
						"value": "1200108",
						"type": "text"
					},
					{
						"key": "x-usuario-id",
						"value": "luis.palomino@cencosudscotiabank.cl",
						"type": "text"
					},
					{
						"key": "Authorization",
						"value": "Bearer LZTWOSCToFWBN37ZoxeScUZ2YpZOA2xT",
						"type": "text"
					}
				],
				"url": {
					"raw": "https://api-interna.rfsc.cencosud.corp:8443/api/v1.0/clientes/167121748/ofertas?tipo_documento=1&pais=CHL&pagina=0&maximo=500",
					"protocol": "https",
					"host": [
						"api-interna",
						"rfsc",
						"cencosud",
						"corp"
					],
					"port": "8443",
					"path": [
						"api",
						"v1.0",
						"clientes",
						"167121748",
						"ofertas"
					],
					"query": [
						{
							"key": "tipo_documento",
							"value": "1"
						},
						{
							"key": "pais",
							"value": "CHL"
						},
						{
							"key": "pagina",
							"value": "0"
						},
						{
							"key": "maximo",
							"value": "500"
						}
					]
				}
			},
			"response": []
		},
		{
			"name": "Get Ofertas Complementarias",
			"request": {
				"method": "GET",
				"header": [
					{
						"key": "Authorization",
						"value": "Bearer b2D9S1OHoqLoCcZYBZHuubGXUco0DPNE"
					},
					{
						"key": "x-sesion-id",
						"value": "be1040f9-5f56-4bc2-a2d2-330bec154b07"
					},
					{
						"key": "x-canal-id",
						"value": "120"
					},
					{
						"key": "x-sucursal-id",
						"value": "1300208"
					},
					{
						"key": "x-usuario-id",
						"value": "luis.palomino@cencosudscotiabank.cl"
					}
				],
				"url": {
					"raw": "https://api.qa.rfsc.cl/api/v1.0/clientes/88591771/ofertas-complementarias?tipo_documento=1&pais=CHL&pagina=0&maximo=500",
					"protocol": "https",
					"host": [
						"api",
						"qa",
						"rfsc",
						"cl"
					],
					"path": [
						"api",
						"v1.0",
						"clientes",
						"88591771",
						"ofertas-complementarias"
					],
					"query": [
						{
							"key": "tipo_documento",
							"value": "1"
						},
						{
							"key": "pais",
							"value": "CHL"
						},
						{
							"key": "pagina",
							"value": "0"
						},
						{
							"key": "maximo",
							"value": "500"
						}
					]
				}
			},
			"response": []
		},
		{
			"name": "Get Ofertas QA",
			"request": {
				"method": "GET",
				"header": [
					{
						"key": "Authorization",
						"value": "Bearer qj7MgSoIoYJMFjKXoKI2xe2UdAnFhAjn"
					},
					{
						"key": "x-sesion-id",
						"value": "babb7c80-4400-475b-b8d3-b8077f937028"
					},
					{
						"key": "x-canal-id",
						"value": "120"
					},
					{
						"key": "x-sucursal-id",
						"value": "1"
					},
					{
						"key": "x-usuario-id",
						"value": "alejandro.trigo@cencosudscotiabank.cl"
					},
					{
						"key": "x-rut-ejecutivo",
						"value": "158279762-CHL-1"
					},
					{
						"key": "x-rol-principal",
						"value": " Rol Usuario BackOffice"
					},
					{
						"key": "x-Request-ID",
						"value": "46cc67ac-1d8f-4fae-9b76-eebc4f0359b0"
					},
					{
						"key": "api_key",
						"value": "123456987"
					},
					{
						"key": "x-cliente-id",
						"value": "158279762-CHL-1"
					}
				],
				"url": {
					"raw": "https://api.qa.rfsc.cl/api/v1.0/clientes/158279762/ofertas?tipo_documento=C&pais=56",
					"protocol": "https",
					"host": [
						"api",
						"qa",
						"rfsc",
						"cl"
					],
					"path": [
						"api",
						"v1.0",
						"clientes",
						"158279762",
						"ofertas"
					],
					"query": [
						{
							"key": "tipo_documento",
							"value": "C"
						},
						{
							"key": "pais",
							"value": "56"
						}
					]
				}
			},
			"response": []
		},
		{
			"name": "Get Desbloqueo",
			"request": {
				"method": "GET",
				"header": [
					{
						"key": "Authorization",
						"value": "Bearer c3u2fC9v27EnGbmnVTBC8lsOnv8uo2tH",
						"type": "text"
					},
					{
						"key": "x-sesion-id",
						"value": "0974b334-e652-438e-aa0b-964e33bc1b8d",
						"type": "text"
					},
					{
						"key": "x-canal-id",
						"value": "120",
						"type": "text"
					},
					{
						"key": "x-sucursal-id",
						"value": "1200108",
						"type": "text"
					},
					{
						"key": "x-usuario-id",
						"value": "Cristian.Duran@cencosudscotiabank.cl",
						"type": "text"
					}
				],
				"url": {
					"raw": "https://api.qa.rfsc.cl/api/v3.0/cuentas-tj/90255/desbloqueos",
					"protocol": "https",
					"host": [
						"api",
						"qa",
						"rfsc",
						"cl"
					],
					"path": [
						"api",
						"v3.0",
						"cuentas-tj",
						"90255",
						"desbloqueos"
					]
				}
			},
			"response": []
		},
		{
			"name": "Simular",
			"request": {
				"method": "POST",
				"header": [
					{
						"key": "Authorization",
						"value": "Bearer LnQKLSOYRohQ3bRfmbpcqx83QkmiJf5C",
						"type": "text"
					},
					{
						"key": "x-sesion-id",
						"value": "0de8dcac-f952-4fd5-8b65-ce703f0b6dfe",
						"type": "text"
					},
					{
						"key": "x-canal-id",
						"value": "120",
						"type": "text"
					},
					{
						"key": "x-sucursal-id",
						"value": "1200103",
						"type": "text"
					},
					{
						"key": "x-usuario-id",
						"value": "luis.palomino@cencosudscotiabank.cl",
						"type": "text"
					},
					{
						"key": "x-rol-principal",
						"value": "Rol Atencion al Cliente",
						"type": "text"
					},
					{
						"key": "Content-Type",
						"value": "application/json",
						"type": "text"
					}
				],
				"body": {
					"mode": "raw",
					"raw": "{\n\"monto_solicitado\":691213,\n\"cuotas\":24,\n\"codigo_producto\":\"264\",\n\"id_activo\":95447,\n\"seguros\":[5575],\n\"monto_deuda_consolidada\":0,\n\"monto_ofertado\":691213,\n\"maximo_libre_disponible\":5000000\n}"
				},
				"url": {
					"raw": "https://api.qa.rfsc.cl/api/v1.0/clientes/110149603/simulacion-sae-ae?tipo_documento=1&pais=CHL",
					"protocol": "https",
					"host": [
						"api",
						"qa",
						"rfsc",
						"cl"
					],
					"path": [
						"api",
						"v1.0",
						"clientes",
						"110149603",
						"simulacion-sae-ae"
					],
					"query": [
						{
							"key": "tipo_documento",
							"value": "1"
						},
						{
							"key": "pais",
							"value": "CHL"
						}
					]
				}
			},
			"response": []
		},
		{
			"name": "Simular Copy",
			"request": {
				"method": "POST",
				"header": [
					{
						"key": "Authorization",
						"value": "Bearer u47Tnx5CZ3ZTYFG13KDa5m8Nj3nJa05r",
						"type": "text"
					},
					{
						"key": "x-sesion-id",
						"value": "eae1fd6b-5bad-480d-aef5-5441ad2d6b58",
						"type": "text"
					},
					{
						"key": "x-canal-id",
						"value": "120",
						"type": "text"
					},
					{
						"key": "x-sucursal-id",
						"value": "1200103",
						"type": "text"
					},
					{
						"key": "x-usuario-id",
						"value": "luis.palomino@cencosudscotiabank.cl",
						"type": "text"
					},
					{
						"key": "x-rol-principal",
						"value": "Rol Atencion al Cliente",
						"type": "text"
					},
					{
						"key": "Content-Type",
						"value": "application/json",
						"type": "text"
					}
				],
				"body": {
					"mode": "raw",
					"raw": "{\n\"monto_solicitado\":5000000,\n\"cuotas\":24,\n\"codigo_producto\":\"40\",\n\"id_activo\":588798,\n\"seguros\":[5093,5092],\n\"monto_deuda_consolidada\":0,\n\"monto_ofertado\":7000000,\n\"maximo_libre_disponible\":5000000\n}"
				},
				"url": {
					"raw": "https://api-interna.rfsc.cencosud.corp:8443/api/v1.0/clientes/94893119/simulacion-sae-ae?tipo_documento=1&pais=CHL",
					"protocol": "https",
					"host": [
						"api-interna",
						"rfsc",
						"cencosud",
						"corp"
					],
					"port": "8443",
					"path": [
						"api",
						"v1.0",
						"clientes",
						"94893119",
						"simulacion-sae-ae"
					],
					"query": [
						{
							"key": "tipo_documento",
							"value": "1"
						},
						{
							"key": "pais",
							"value": "CHL"
						}
					]
				}
			},
			"response": []
		},
		{
			"name": "Token PROD",
			"request": {
				"method": "POST",
				"header": [
					{
						"key": "Content-Type",
						"value": "application/json",
						"type": "text"
					}
				],
				"body": {
					"mode": "raw",
					"raw": "{\n \"grant_type\": \"client_credentials\",\n \"client_id\": \"aRl4oWEBF2CP0oWW1QU\",\n \"client_secret\": \"JccQlPpvvQYATJ2C\"\n}"
				},
				"url": {
					"raw": "https://api-interna.rfsc.cencosud.corp:8443/api/v1.0/sec/oauth2/token",
					"protocol": "https",
					"host": [
						"api-interna",
						"rfsc",
						"cencosud",
						"corp"
					],
					"port": "8443",
					"path": [
						"api",
						"v1.0",
						"sec",
						"oauth2",
						"token"
					]
				}
			},
			"response": []
		},
		{
			"name": "Get Desbloqueo prd",
			"request": {
				"method": "GET",
				"header": [
					{
						"key": "Authorization",
						"value": "Bearer NFEoHrvlWdQxutU6FjaYcnPywhWX9K7H",
						"type": "text"
					},
					{
						"key": "x-sesion-id",
						"value": "97e632be-8d2a-49de-b252-ad072d21b328",
						"type": "text"
					},
					{
						"key": "x-canal-id",
						"value": "190",
						"type": "text"
					},
					{
						"key": "x-sucursal-id",
						"value": "1700103",
						"type": "text"
					},
					{
						"key": "x-usuario-id",
						"value": "carol.valencia@cencosudscotiabank.cl",
						"type": "text"
					}
				],
				"url": {
					"raw": "https://api-interna.rfsc.cencosud.corp:8443/api/v3.0/cuentas-tj/5455889/desbloqueos",
					"protocol": "https",
					"host": [
						"api-interna",
						"rfsc",
						"cencosud",
						"corp"
					],
					"port": "8443",
					"path": [
						"api",
						"v3.0",
						"cuentas-tj",
						"5455889",
						"desbloqueos"
					],
					"query": [
						{
							"key": "",
							"value": "",
							"disabled": true
						},
						{
							"key": "",
							"value": "",
							"disabled": true
						},
						{
							"key": "",
							"value": "",
							"disabled": true
						},
						{
							"key": "",
							"value": "",
							"disabled": true
						},
						{
							"key": "",
							"value": "",
							"disabled": true
						}
					]
				}
			},
			"response": []
		},
		{
			"name": "Simular Nuevo",
			"request": {
				"method": "GET",
				"header": [],
				"url": {
					"raw": ""
				}
			},
			"response": []
		}
	]
}