{
	"info": {
		"_postman_id": "a59bcaf0-8806-4295-bbf8-cef1df4bb2df",
		"name": "collection Web Inspect Operation Manager - Operations",
		"schema": "https://schema.getpostman.com/json/collection/v2.1.0/collection.json",
		"_exporter_id": "2940734"
	},
	"item": [
		{
			"name": "[ms-operations-manager-cl] Health (UAT) Copy",
			"request": {
				"method": "GET",
				"header": [],
				"url": {
					"raw": "https://ms-operations-manager-cl.salto.uat-pa5.npe-k8s.chl.bns/health",
					"protocol": "https",
					"host": [
						"ms-operations-manager-cl",
						"salto",
						"uat-pa5",
						"npe-k8s",
						"chl",
						"bns"
					],
					"path": [
						"health"
					]
				}
			},
			"response": []
		},
		{
			"name": "Token PA5 datalab",
			"event": [
				{
					"listen": "test",
					"script": {
						"exec": [
							"var jsonData;",
							"",
							"pm.test(\"Can retrieve jwt\", function() {",
							"    pm.response.to.have.status(200)",
							"    jsonData = JSON.parse(responseBody);",
							"    postman.setEnvironmentVariable(\"token\", jsonData.access_token);",
							"});",
							"",
							"pm.test(\"Can save jwt\", function() {",
							"    pm.expect(pm.environment.get(\"token\")).to.equal(jsonData.access_token)",
							"});"
						],
						"type": "text/javascript"
					}
				}
			],
			"request": {
				"method": "GET",
				"header": [],
				"url": {
					"raw": "https://datalab-token-generator.cldatalab.uat-pa5.npe-k8s.chl.bns/v1/passport/token/client-credentials/ccc5d359-4fb4-439f-9e69-44ef4ea6c504",
					"protocol": "https",
					"host": [
						"datalab-token-generator",
						"cldatalab",
						"uat-pa5",
						"npe-k8s",
						"chl",
						"bns"
					],
					"path": [
						"v1",
						"passport",
						"token",
						"client-credentials",
						"ccc5d359-4fb4-439f-9e69-44ef4ea6c504"
					]
				}
			},
			"response": []
		},
		{
			"name": "[ms-operations-manager-cl] Create operation (UAT)",
			"event": [
				{
					"listen": "test",
					"script": {
						"exec": [
							"var jsonData = JSON.parse(responseBody);",
							"postman.setEnvironmentVariable(\"operation_id\", jsonData.operation_id);"
						],
						"type": "text/javascript"
					}
				}
			],
			"request": {
				"auth": {
					"type": "bearer",
					"bearer": [
						{
							"key": "token",
							"value": "{{token}}",
							"type": "string"
						}
					]
				},
				"method": "POST",
				"header": [
					{
						"key": "X-Channel",
						"value": "WEB",
						"type": "text"
					}
				],
				"body": {
					"mode": "raw",
					"raw": "{\n    \"type_id\":\"ONBOARDING\",\n\t\t\t\"payload\":{\n\t\t\t\"Servipag\": {\n\t\t\t\t\"ContextoBanco\": {\n\t\t\t\t\"Header\": {\n\t\t\t\t\t\"FirmaServipag\": \"wwtK15mtBgyhnhfbgoaRlj69ovZvw2AlusUn1DoQ4VA2coHfTe0KEghYZLNB7zL/0RnI/PB3sUwWfsRCOCgd1kjounX2Ty8U93pTDdoJ+y/K7wXOS6XSu2pGNYNPpdC9YDgwzicBDF9M3vh1HjPob8NYwH/X2WXHrCSRNS9F6Cg=\",\n\t\t\t\t\t\"IdTrxServipag\": \"EXP0000120200571649096\",\n\t\t\t\t\t\"MontoTotalPago\": \"9000\",\n\t\t\t\t\t\"RegistrosdePago\": \"3\",\n\t\t\t\t\t\"ModoNavegacion\": \"0\",\n\t\t\t\t\t\"Rut\": \"0133270574\"\n\t\t\t\t},\n\t\t\t\t\"Documentos\": [\n\t\t\t\t\t{\n\t\t\t\t\t\"Secuencia\": \"1\",\n\t\t\t\t\t\"CodigoEmpresa\": \"153\",\n\t\t\t\t\t\"CodigoServicio\": \"32\",\n\t\t\t\t\t\"Empresa\": \"Un Techo Para Chile\",\n\t\t\t\t\t\"Servicio\": \"Donaciones\",\n\t\t\t\t\t\"NumeroCliente\": \"61479\",\n\t\t\t\t\t\"NumeroDocumento\": \"20200527123116\",\n\t\t\t\t\t\"Monto\": \"2000\",\n\t\t\t\t\t\"FechaVencimiento\": \"27/05/2020\",\n\t\t\t\t\t\"EstadoDocumento\": \"Enviado\"\n\t\t\t\t\t},\n\t\t\t\t\t{\n\t\t\t\t\t\"Secuencia\": \"2\",\n\t\t\t\t\t\"CodigoEmpresa\": \"153\",\n\t\t\t\t\t\"CodigoServicio\": \"32\",\n\t\t\t\t\t\"Empresa\": \"Un Techo Para Chile\",\n\t\t\t\t\t\"Servicio\": \"Donaciones\",\n\t\t\t\t\t\"NumeroCliente\": \"61480\",\n\t\t\t\t\t\"NumeroDocumento\": \"20200527123150\",\n\t\t\t\t\t\"Monto\": \"3000\",\n\t\t\t\t\t\"FechaVencimiento\": \"27/05/2020\",\n\t\t\t\t\t\"EstadoDocumento\": \"Enviado\"\n\t\t\t\t\t},\n\t\t\t\t\t{\n\t\t\t\t\t\"Secuencia\": \"3\",\n\t\t\t\t\t\"CodigoEmpresa\": \"153\",\n\t\t\t\t\t\"CodigoServicio\": \"32\",\n\t\t\t\t\t\"Empresa\": \"Un Techo Para Chile\",\n\t\t\t\t\t\"Servicio\": \"Donaciones\",\n\t\t\t\t\t\"NumeroCliente\": \"61481\",\n\t\t\t\t\t\"NumeroDocumento\": \"20200527123304\",\n\t\t\t\t\t\"Monto\": \"4000\",\n\t\t\t\t\t\"FechaVencimiento\": \"27/05/2020\",\n\t\t\t\t\t\"EstadoDocumento\": \"Enviado\"\n\t\t\t\t\t}\n\t\t\t\t]\n\t\t\t\t}\n\t\t\t}\n\t\t\t},\n\t\t\t\"metadata\": null\n\t\t}\n}",
					"options": {
						"raw": {
							"language": "json"
						}
					}
				},
				"url": {
					"raw": "https://ms-operations-manager-cl.salto.uat-pa5.npe-k8s.chl.bns/ms-operations-manager-cl/v3/operations",
					"protocol": "https",
					"host": [
						"ms-operations-manager-cl",
						"salto",
						"uat-pa5",
						"npe-k8s",
						"chl",
						"bns"
					],
					"path": [
						"ms-operations-manager-cl",
						"v3",
						"operations"
					]
				}
			},
			"response": []
		},
		{
			"name": "[ms-operations-manager-cl] Update operation payload (UAT)",
			"request": {
				"auth": {
					"type": "bearer",
					"bearer": [
						{
							"key": "token",
							"value": "{{token}}",
							"type": "string"
						}
					]
				},
				"method": "PATCH",
				"header": [
					{
						"key": "Content-Type",
						"value": "application/merge-patch+json",
						"type": "text"
					},
					{
						"key": "Content-Type",
						"value": "application/json",
						"type": "text",
						"disabled": true
					}
				],
				"body": {
					"mode": "raw",
					"raw": "{\n    \"payload\": {\n        \"accountSelected\": {\n                \"accountKey\": \"81e5219a-f2af-474b-9972-81e23f4081c7\",\n                \"accountId\": \"1420080691\",\n                \"accountType\": \"CTACTE\"\n            },\n            \"billsSelected\": [\n                \"1\"\n            ]\n    }\n}",
					"options": {
						"raw": {
							"language": "json"
						}
					}
				},
				"url": {
					"raw": "https://ms-operations-manager-cl.salto.uat-pa5.npe-k8s.chl.bns/ms-operations-manager-cl/v3/operations/{{operation_id}}/payload",
					"protocol": "https",
					"host": [
						"ms-operations-manager-cl",
						"salto",
						"uat-pa5",
						"npe-k8s",
						"chl",
						"bns"
					],
					"path": [
						"ms-operations-manager-cl",
						"v3",
						"operations",
						"{{operation_id}}",
						"payload"
					]
				}
			},
			"response": []
		},
		{
			"name": "PENDING - Update operation state (UAT)",
			"request": {
				"auth": {
					"type": "bearer",
					"bearer": [
						{
							"key": "token",
							"value": "{{token}}",
							"type": "string"
						}
					]
				},
				"method": "PUT",
				"header": [],
				"body": {
					"mode": "raw",
					"raw": "{\n    \"state\": \"PENDING\",\n    \"metadata\": {}\n}",
					"options": {
						"raw": {
							"language": "json"
						}
					}
				},
				"url": {
					"raw": "https://ms-operations-manager-cl.salto.uat-pa5.npe-k8s.chl.bns/ms-operations-manager-cl/v3/operations/{{operation_id}}/state",
					"protocol": "https",
					"host": [
						"ms-operations-manager-cl",
						"salto",
						"uat-pa5",
						"npe-k8s",
						"chl",
						"bns"
					],
					"path": [
						"ms-operations-manager-cl",
						"v3",
						"operations",
						"{{operation_id}}",
						"state"
					]
				}
			},
			"response": []
		},
		{
			"name": "[ms-operations-manager-cl] Find Operation By ID (UAT)",
			"request": {
				"auth": {
					"type": "bearer",
					"bearer": [
						{
							"key": "token",
							"value": "{{token}}",
							"type": "string"
						}
					]
				},
				"method": "GET",
				"header": [],
				"url": {
					"raw": "https://ms-operations-manager-cl.salto.uat-pa5.npe-k8s.chl.bns/ms-operations-manager-cl/v3/operations/{{operation_id}}",
					"protocol": "https",
					"host": [
						"ms-operations-manager-cl",
						"salto",
						"uat-pa5",
						"npe-k8s",
						"chl",
						"bns"
					],
					"path": [
						"ms-operations-manager-cl",
						"v3",
						"operations",
						"{{operation_id}}"
					]
				}
			},
			"response": []
		}
	]
}