{
	"info": {
		"_postman_id": "6f1d8e30-109e-6d90-c3d2-095caaaa8955",
		"name": "Movimientos_No_Facturados",
		"schema": "https://schema.getpostman.com/json/collection/v2.1.0/collection.json",
		"_exporter_id": "2940734"
	},
	"item": [
		{
			"name": "https://api-qa.oapi.rfsc.cl/api/v1.0/cuentas/95196/movimientos-por-facturar?x-canal-id=17",
			"request": {
				"method": "POST",
				"header": [
					{
						"key": "x-canal-id",
						"value": "18",
						"type": "text"
					}
				],
				"url": {
					"raw": "https://api-qa.oapi.rfsc.cl/api/v1.0/cuentas/95196/movimientos-por-facturar?x-canal-id=17",
					"protocol": "https",
					"host": [
						"api-qa",
						"oapi",
						"rfsc",
						"cl"
					],
					"path": [
						"api",
						"v1.0",
						"cuentas",
						"95196",
						"movimientos-por-facturar"
					],
					"query": [
						{
							"key": "x-canal-id",
							"value": "17"
						}
					]
				}
			},
			"response": []
		},
		{
			"name": "https://api-qa.oapi.rfsc.cl/api/v1.0/cuentas/95196/movimientos-por-facturar/10abf69b-9e27-4667-a0f0-085c0c71169f",
			"request": {
				"method": "GET",
				"header": [],
				"url": {
					"raw": "https://api-qa.oapi.rfsc.cl/api/v1.0/cuentas/95196/movimientos-por-facturar/10abf69b-9e27-4667-a0f0-085c0c71169f",
					"protocol": "https",
					"host": [
						"api-qa",
						"oapi",
						"rfsc",
						"cl"
					],
					"path": [
						"api",
						"v1.0",
						"cuentas",
						"95196",
						"movimientos-por-facturar",
						"10abf69b-9e27-4667-a0f0-085c0c71169f"
					]
				}
			},
			"response": []
		}
	]
}