{
	"info": {
		"_postman_id": "2f5dc037-0134-49c3-b79c-7b08f00233b3",
		"name": "Notification",
		"schema": "https://schema.getpostman.com/json/collection/v2.1.0/collection.json",
		"_exporter_id": "2940734"
	},
	"item": [
		{
			"name": "DAP",
			"item": [
				{
					"name": "DAPT RECIEVED",
					"request": {
						"method": "POST",
						"header": [
							{
								"key": "Content-Type",
								"value": "application/json",
								"type": "text"
							}
						],
						"body": {
							"mode": "raw",
							"raw": "{\n    \"clientName\": \"firmante\",\n    \"emails\": [\n        \"Camilo.Barros_ex@scotiabank.cl\"\n    ],\n    \"date\": \"29-01-2019\",\n    \"customer\": {\n        \"name\": \"nombre de empresa\",\n        \"rut\": \"709463004\"\n    },\n    \"owner\": {\n        \"name\": \"creador de transaccion\"\n    },\n    \"authorizers\": [\n        {\n            \"name\": \"primer firmante\",\n            \"rut\": \"709463004\",\n            \"state\": \"Aprobada\",\n            \"date\": \"29/01/2018\",\n            \"time\": \"15:34\"\n        },\n        {\n            \"name\": \"primer firmante\",\n            \"rut\": \"176697482\",\n            \"state\": \"Aprobada\",\n            \"date\": \"29/01/2018\",\n            \"time\": \"15:34\"\n        },\n        {\n            \"name\": \"primer firmante\",\n            \"rut\": \"183798510\",\n            \"state\": \"Pendiente\",\n            \"date\": \"29/01/2018\",\n            \"time\": \"17:34\"\n        }\n    ],\n    \"data\": {\n        \"accountCarg\": 771018409,\n        \"amountInv\": 0,\n        \"amountMax\": 0,\n        \"amountMin\": 0,\n        \"branchOffice\": 100,\n        \"calcBase\": 360,\n        \"channel\": \"SPRO\",\n        \"codeCnofc\": \"DNSC\",\n        \"currencyRejs\": \"CLP\",\n        \"dateHomeAMD\": \"2019-01-10\",\n        \"dateTermAMD\": \"2019-02-19\",\n        \"deaErx\": 0,\n        \"depositNumber\": 0,\n        \"dvInv\": \"4\",\n        \"emailInv\": \"a@a.cl\",\n        \"glossProduct\": \"DEPOSITO A PLAZO NOMINAL EMP BNS\",\n        \"glsRoam\": 0,\n        \"interestRate\": 2.52,\n        \"interests\": 0,\n        \"invType\": \"N\",\n        \"maturityDate\": \"2019-01-10\",\n        \"narrative\": \"\",\n        \"opeCod\": \"1000\",\n        \"openingDate\": \"2019-01-10\",\n        \"originalAmount\": 10000000,\n        \"periodRate\": 0,\n        \"product\": \"DNS1\",\n        \"productCurrency\": \"CLP\",\n        \"renewalCode\": \"\",\n        \"rutInv\": 70946300,\n        \"term\": 61,\n        \"totalAmtDep\": 0,\n        \"typeChangUsdUf\": 0,\n        \"typeCustody\": \"N\"\n    }\n}"
						},
						"url": {
							"raw": "{{url_notification}}/notifications/api/dapt/received",
							"host": [
								"{{url_notification}}"
							],
							"path": [
								"notifications",
								"api",
								"dapt",
								"received"
							]
						}
					},
					"response": []
				},
				{
					"name": "DAPT PENDING",
					"request": {
						"method": "POST",
						"header": [
							{
								"key": "Content-Type",
								"value": "application/json",
								"type": "text"
							}
						],
						"body": {
							"mode": "raw",
							"raw": "{\n    \"clientName\": \"firmante\",\n    \"emails\": [\n        \"Camilo.Barros_ex@scotiabank.cl\"\n    ],\n    \"date\": \"29-01-2019\",\n    \"customer\": {\n        \"name\": \"nombre de empresa\",\n        \"rut\": \"709463004\"\n    },\n    \"owner\": {\n        \"name\": \"creador de transaccion\"\n    },\n    \"authorizers\": [\n        {\n            \"name\": \"primer firmante\",\n            \"rut\": \"709463004\",\n            \"state\": \"Rechazada\",\n            \"date\": \"29/01/2018\",\n            \"time\": \"15:34\"\n        },\n        {\n            \"name\": \"primer firmante\",\n            \"rut\": \"176697482\",\n            \"state\": \"Aprobada\",\n            \"date\": \"29/01/2018\",\n            \"time\": \"15:34\"\n        },\n        {\n            \"name\": \"primer firmante\",\n            \"rut\": \"183798510\",\n            \"state\": \"Pendiente\",\n            \"date\": \"29/01/2018\",\n            \"time\": \"17:34\"\n        }\n    ],\n    \"data\": {\n       \"customerId\": \"703601006\",\n       \"opeCod\": \"0001\",\n       \"accountCarg\": \"713085508\",\n       \"term\": \"7\",\n       \"originalAmount\": \"100000.00\",\n       \"product\": \"DN26\",\n       \"interestRate\": \"1.7400\",\n       \"maturityDate\": \"2019-06-05\",\n       \"openingDate\": \"2019-05-28\",\n       \"renewalCode\": \"\",\n       \"narrative\": \"TOMA DEPOSITO A PLAZO SWEB\",\n       \"depositNumber\": \"0\",\n       \"branchOffice\": \"0\",\n       \"productCurrency\": \"CLP\",\n       \"interests\": \"1.7400\",\n       \"totalAmtDep\": \"100000.00\",\n       \"codeCnofc\": \"DPNO\",\n       \"calcBase\": \"0\",\n       \"typeCustody\": \"1\",\n       \"deaErx\": \"0.000000\",\n       \"glsRoam\": \"0\",\n       \"rutInv\": \"070360100\",\n       \"dvInv\": \"6\",\n       \"emailInv\": \"Ignacio.Sagredo_ex@scotiabank.cl\",\n       \"amountInv\": \"0\",\n       \"typeChangUsdUf\": \"1.000000\",\n       \"dateHomeAMD\": \"2019-05-28\",\n       \"dateTermAMD\": \"2019-06-05\",\n       \"currencyRejs\": \"CLP\",\n       \"channel\": \"SWEB\",\n       \"glossProduct\": \"DPI M/N 7-29 DIAS CANAL REMOTO\",\n       \"invType\": \"Y\",\n       \"periodRate\": \"0.0338\",\n       \"amountMin\": \"0.00\",\n       \"amountMax\": \"0.00\",\n       \"salintven\": \"$ 34\",\n       \"salcapfin\": \"$ 100.034\"\n   }\n}"
						},
						"url": {
							"raw": "{{url_notification}}/notifications/api/dapt/pending",
							"host": [
								"{{url_notification}}"
							],
							"path": [
								"notifications",
								"api",
								"dapt",
								"pending"
							]
						}
					},
					"response": []
				},
				{
					"name": "DAPC PENDING",
					"request": {
						"method": "POST",
						"header": [
							{
								"key": "Content-Type",
								"value": "application/json",
								"type": "text"
							}
						],
						"body": {
							"mode": "raw",
							"raw": "{\n    \"clientName\": \"firmante\",\n    \"emails\": [\n        \"Camilo.Barros_ex@scotiabank.cl\"\n    ],\n    \"date\": \"29-01-2019\",\n    \"customer\": {\n        \"name\": \"nombre de empresa\",\n        \"rut\": \"709463004\"\n    },\n    \"owner\": {\n        \"name\": \"creador de transaccion\"\n    },\n    \"authorizers\": [\n        {\n            \"name\": \"primer firmante\",\n            \"rut\": \"709463004\",\n            \"state\": \"Aprobada\",\n            \"date\": \"29/01/2018\",\n            \"time\": \"15:34\"\n        },\n        {\n            \"name\": \"primer firmante\",\n            \"rut\": \"176697482\",\n            \"state\": \"Aprobada\",\n            \"date\": \"29/01/2018\",\n            \"time\": \"15:34\"\n        },\n        {\n            \"name\": \"primer firmante\",\n            \"rut\": \"183798510\",\n            \"state\": \"Pendiente\",\n            \"date\": \"29/01/2018\",\n            \"time\": \"17:34\"\n        }\n    ],\n    \"data\": {\n        \"capitalfin\": \"100034.0000\",\n        \"chargeAccount\": \"713085508\",\n        \"codOpe\": \"C\",\n        \"codProduct\": \"00001\",\n        \"codView\": \"0001\",\n        \"customerId\": \"703601006\",\n        \"depositNumber\": \"510012372874\",\n        \"digVerify\": \"6\",\n        \"fechadep\": \"20190523\",\n        \"fechaven\": \"20190530\",\n        \"flagrenov\": \"Renovable Automaticamente\",\n        \"interesven\": \"34.0000\",\n        \"rutClient\": \"070360100\",\n        \"currencyRejs\": \"CLP\"\n    }\n}"
						},
						"url": {
							"raw": "{{url_notification}}/notifications/api/dapc/pending",
							"host": [
								"{{url_notification}}"
							],
							"path": [
								"notifications",
								"api",
								"dapc",
								"pending"
							]
						}
					},
					"response": []
				},
				{
					"name": "DAPC RECEIVED",
					"request": {
						"method": "POST",
						"header": [
							{
								"key": "Content-Type",
								"value": "application/json",
								"type": "text"
							}
						],
						"body": {
							"mode": "raw",
							"raw": "{\n    \"clientName\": \"firmante\",\n    \"emails\": [\n        \"Camilo.Barros_ex@scotiabank.cl\"\n    ],\n    \"date\": \"29-01-2019\",\n    \"customer\": {\n        \"name\": \"nombre de empresa\",\n        \"rut\": \"709463004\"\n    },\n    \"owner\": {\n        \"name\": \"creador de transaccion\"\n    },\n    \"authorizers\": [\n        {\n            \"name\": \"primer firmante\",\n            \"rut\": \"709463004\",\n            \"state\": \"Aprobada\",\n            \"date\": \"29/01/2018\",\n            \"time\": \"15:34\"\n        },\n        {\n            \"name\": \"primer firmante\",\n            \"rut\": \"176697482\",\n            \"state\": \"Aprobada\",\n            \"date\": \"29/01/2018\",\n            \"time\": \"15:34\"\n        },\n        {\n            \"name\": \"primer firmante\",\n            \"rut\": \"183798510\",\n            \"state\": \"Pendiente\",\n            \"date\": \"29/01/2018\",\n            \"time\": \"17:34\"\n        }\n    ],\n    \"data\": {\n        \"chargeAccount\": \"970194665\",\n        \"codOpe\": \"C\",\n        \"codProduct\": \"00001\",\n        \"codView\": \"0001\",\n        \"depositNumber\": \"510011303879\",\n        \"digVerify\": \"6\",\n        \"rutClient\": \"070655813\",\n        \"fechaven\": \"20180927\",\n        \"flagrenov\": \"Renovable Automaticamente\",\n        \"fechadep\": \"20180828\",\n        \"capitalfin\": \"15035850.0000\",\n        \"interesven\": \"35850.0000\",\n        \"currency\": \"CLP\",\n        \"enterpriseRut\": \"0706558136\",\n        \"enterpriseName\": \"ASOCIACION CHILENA DE SEGURIDAD\"\n    }\n}"
						},
						"url": {
							"raw": "{{url_notification}}/notifications/api/dapc/received",
							"host": [
								"{{url_notification}}"
							],
							"path": [
								"notifications",
								"api",
								"dapc",
								"received"
							]
						}
					},
					"response": []
				}
			]
		},
		{
			"name": "HTTC",
			"item": [
				{
					"name": "HTCC RECIEVED",
					"request": {
						"method": "POST",
						"header": [
							{
								"key": "Content-Type",
								"value": "application/json",
								"type": "text"
							}
						],
						"body": {
							"mode": "raw",
							"raw": "{\n    \"clientName\": \"firmante\",\n    \"emails\": [\n        \"Camilo.Barros_ex@scotiabank.cl\"\n    ],\n    \"date\": \"29-01-2019\",\n    \"customer\": {\n        \"name\": \"nombre de empresa\",\n        \"rut\": \"709463004\"\n    },\n    \"owner\": {\n        \"name\": \"creador de transaccion\"\n    },\n    \"authorizers\": [\n        {\n            \"name\": \"primer firmante\",\n            \"rut\": \"709463004\",\n            \"state\": \"Aprobada\",\n            \"date\": \"29/01/2018\",\n            \"time\": \"15:34\"\n        },\n        {\n            \"name\": \"primer firmante\",\n            \"rut\": \"176697482\",\n            \"state\": \"Aprobada\",\n            \"date\": \"29/01/2018\",\n            \"time\": \"15:34\"\n        },\n        {\n            \"name\": \"primer firmante\",\n            \"rut\": \"183798510\",\n            \"state\": \"Aprobada\",\n            \"date\": \"29/01/2018\",\n            \"time\": \"17:34\"\n        }\n    ],\n    \"data\": {\n        \"customerId\": \"70946300-4\",\n        \"userId\": \"5845902-K\",\n        \"nameUser\": \"Josefina Aravena\",\n        \"creditCardNumber\": \"HsFNzPnl0v3C6oHBHZ3pz3qUfVw2A70mZkucGXE_mS8=\",\n        \"creditCardShort\": \"****4174\",\n        \"status\": 0,\n        \"passUser\": \"123456\",\n        \"passEnc\": null,\n        \"statusWebPay\": null\n    }\n}"
						},
						"url": {
							"raw": "{{url_notification}}/notifications/api/htcc/received",
							"host": [
								"{{url_notification}}"
							],
							"path": [
								"notifications",
								"api",
								"htcc",
								"received"
							]
						}
					},
					"response": []
				},
				{
					"name": "HTCC PENDING",
					"request": {
						"method": "POST",
						"header": [
							{
								"key": "Content-Type",
								"value": "application/json",
								"type": "text"
							}
						],
						"body": {
							"mode": "raw",
							"raw": "{\n    \"clientName\": \"firmante\",\n    \"emails\": [\n        \"camilo.barros_ex@scotiabank.cl\"\n    ],\n    \"date\": \"29-01-2019\",\n    \"customer\": {\n        \"name\": \"nombre de empresa\",\n        \"rut\": \"709463004\"\n    },\n    \"owner\": {\n        \"name\": \"creador de transaccion\"\n    },\n    \"authorizers\": [\n        {\n            \"name\": \"primer firmante\",\n            \"rut\": \"709463004\",\n            \"state\": \"Pendiente\",\n            \"date\": \"29/01/2018\",\n            \"time\": \"15:34\"\n        },\n        {\n            \"name\": \"primer firmante\",\n            \"rut\": \"176697482\",\n            \"state\": \"Pendiente\",\n            \"date\": \"29/01/2018\",\n            \"time\": \"15:34\"\n        },\n        {\n            \"name\": \"primer firmante\",\n            \"rut\": \"183798510\",\n            \"state\": \"Pendiente\",\n            \"date\": \"29/01/2018\",\n            \"time\": \"17:34\"\n        }\n    ],\n    \"data\": {\n        \"customerId\": \"70946300-4\",\n        \"userId\": \"5845902-K\",\n        \"nameUser\": \"Josefina Aravena\",\n        \"creditCardNumber\": \"HsFNzPnl0v3C6oHBHZ3pz3qUfVw2A70mZkucGXE_mS8=\",\n        \"creditCardShort\": \"****4174\",\n        \"status\": 0,\n        \"passUser\": \"123456\",\n        \"passEnc\": null,\n        \"statusWebPay\": null\n    }\n}"
						},
						"url": {
							"raw": "{{url_notification}}/notifications/api/htcc/pending",
							"host": [
								"{{url_notification}}"
							],
							"path": [
								"notifications",
								"api",
								"htcc",
								"pending"
							]
						}
					},
					"response": []
				}
			]
		},
		{
			"name": "FFMM",
			"item": [
				{
					"name": "FFMM RESCUE RECEIVED",
					"request": {
						"method": "POST",
						"header": [
							{
								"key": "Content-Type",
								"value": "application/json",
								"type": "text"
							}
						],
						"body": {
							"mode": "raw",
							"raw": "{\n    \"clientName\": \"firmante\",\n    \"emails\": [\n        \"camilo.barros_ex@scotiabank.cl\"\n    ],\n    \"date\": \"29/01/2019 10:58:10\",\n    \"customer\": {\n        \"name\": \"nombre de empresa\",\n        \"rut\": \"709463004\"\n    },\n    \"owner\": {\n        \"name\": \"creador de transaccion\"\n    },\n    \"authorizers\": [\n        {\n            \"name\": \"primer firmante\",\n            \"rut\": \"709463004\",\n            \"state\": \"Aprobada\",\n            \"date\": \"29/01/2018\",\n            \"time\": \"15:34\"\n        },\n        {\n            \"name\": \"primer firmante\",\n            \"rut\": \"176697482\",\n            \"state\": \"Aprobada\",\n            \"date\": \"29/01/2018\",\n            \"time\": \"15:34\"\n        },\n        {\n            \"name\": \"primer firmante\",\n            \"rut\": \"183798510\",\n            \"state\": \"Pendiente\",\n            \"date\": \"29/01/2018\",\n            \"time\": \"17:34\"\n        }\n    ],\n    \"data\": {\n        \"cfdomut\": \"11\",\n        \"cnrocta\": \"005\",\n        \"customerId\": \"703601006\",\n        \"email\": \"Ignacio.Sagredo_ex@scotiabank.cl\",\n        \"fpag\": \"20190603\",\n        \"frsc\": \"20190602\",\n        \"lcejeneg\": \"631\",\n        \"lcmon\": \"000\",\n        \"lcsuceje\": \"-NO\",\n        \"lptasintneg\": \"000000000000000\",\n        \"nctactecli\": \"50008657\",\n        \"ncuosol\": \"1536.9611\",\n        \"nideprcccl\": \"Clipper Serie B\",\n        \"nrutnumcli\": \"0703601006\",\n        \"nrutpart1\": \"070360100\",\n        \"nrutpart2\": \"000000000\",\n        \"tforrsc\": \"P\",\n        \"trsc\": \"P\",\n        \"vmtosol\": \"908720290\"\n    }\n}"
						},
						"url": {
							"raw": "{{url_notification}}/notifications/api/rffmm/received",
							"host": [
								"{{url_notification}}"
							],
							"path": [
								"notifications",
								"api",
								"rffmm",
								"received"
							]
						}
					},
					"response": []
				},
				{
					"name": "FFMM RESCUE PENDING",
					"request": {
						"method": "POST",
						"header": [
							{
								"key": "Content-Type",
								"value": "application/json",
								"type": "text"
							}
						],
						"body": {
							"mode": "raw",
							"raw": "{\n    \"clientName\": \"firmante\",\n    \"emails\": [\n        \"camilo.barros_ex@scotiabank.cl\"\n    ],\n    \"date\": \"29/01/2019 10:58:10\",\n    \"customer\": {\n        \"name\": \"nombre de empresa\",\n        \"rut\": \"709463004\"\n    },\n    \"owner\": {\n        \"name\": \"creador de transaccion\"\n    },\n    \"authorizers\": [\n        {\n            \"name\": \"primer firmante\",\n            \"rut\": \"709463004\",\n            \"state\": \"Rechazada\",\n            \"date\": \"29/01/2018\",\n            \"time\": \"15:34\"\n        },\n        {\n            \"name\": \"primer firmante\",\n            \"rut\": \"176697482\",\n            \"state\": \"Aprobada\",\n            \"date\": \"29/01/2018\",\n            \"time\": \"15:34\"\n        },\n        {\n            \"name\": \"primer firmante\",\n            \"rut\": \"183798510\",\n            \"state\": \"Pendiente\",\n            \"date\": \"29/01/2018\",\n            \"time\": \"17:34\"\n        }\n    ],\n    \"data\": {\n        \"cfdomut\": \"11\",\n        \"cnrocta\": \"005\",\n        \"customerId\": \"703601006\",\n        \"email\": \"Ignacio.Sagredo_ex@scotiabank.cl\",\n        \"fpag\": \"20190603\",\n        \"frsc\": \"20190602\",\n        \"lcejeneg\": \"631\",\n        \"lcmon\": \"000\",\n        \"lcsuceje\": \"-NO\",\n        \"lptasintneg\": \"000000000000000\",\n        \"nctactecli\": \"50008657\",\n        \"ncuosol\": \"1536.9611\",\n        \"nideprcccl\": \"Clipper Serie B\",\n        \"nrutnumcli\": \"0703601006\",\n        \"nrutpart1\": \"070360100\",\n        \"nrutpart2\": \"000000000\",\n        \"tforrsc\": \"P\",\n        \"trsc\": \"P\",\n        \"vmtosol\": \"908720290\"\n    }\n}"
						},
						"url": {
							"raw": "{{url_notification}}/notifications/api/rffmm/pending",
							"host": [
								"{{url_notification}}"
							],
							"path": [
								"notifications",
								"api",
								"rffmm",
								"pending"
							]
						}
					},
					"response": []
				},
				{
					"name": "FFMM TAKE RECEIVED",
					"request": {
						"method": "POST",
						"header": [
							{
								"key": "Content-Type",
								"value": "application/json",
								"type": "text"
							}
						],
						"body": {
							"mode": "raw",
							"raw": "{\n    \"clientName\": \"firmante\",\n    \"emails\": [\n        \"camilo.barros_ex@scotiabank.cl\"\n    ],\n    \"date\": \"29-01-2019 14:20:15\",\n    \"customer\": {\n        \"name\": \"nombre de empresa\",\n        \"rut\": \"709463004\"\n    },\n    \"owner\": {\n        \"name\": \"creador de transaccion\"\n    },\n    \"authorizers\": [\n        {\n            \"name\": \"primer firmante\",\n            \"rut\": \"709463004\",\n            \"state\": \"Aprobada\",\n            \"date\": \"29/01/2018\",\n            \"time\": \"15:34\"\n        },\n        {\n            \"name\": \"primer firmante\",\n            \"rut\": \"176697482\",\n            \"state\": \"Aprobada\",\n            \"date\": \"29/01/2018\",\n            \"time\": \"15:34\"\n        },\n        {\n            \"name\": \"primer firmante\",\n            \"rut\": \"183798510\",\n            \"state\": \"Pendiente\",\n            \"date\": \"29/01/2018\",\n            \"time\": \"17:34\"\n        }\n    ],\n    \"data\": {\n        \"cbco\": \"\",\n        \"cedoacl\": \"01001\",\n        \"cedorslacl\": \"02001\",\n        \"cejeini\": \"6358\",\n        \"cejepra\": \"0000\",\n        \"cenvpart\": \"1\",\n        \"cfdomut\": \"01\",\n        \"cnrocta\": \"001\",\n        \"cpart\": \"1\",\n        \"cpla\": \"02\",\n        \"cunm\": \"020628711K\",\n        \"currency\": \"CLP\",\n        \"email\": \"a@cl.cl\",\n        \"fcom\": \"0\",\n        \"fcrs\": \"20190508\",\n        \"finisol\": \"20190508\",\n        \"frslacl\": \"20190508\",\n        \"frtf\": \"20190508\",\n        \"fsol\": \"20190508\",\n        \"lcarbatrejemto\": \"00\",\n        \"lcejeatrejemto\": \"0000\",\n        \"lcejeneg\": \"6358\",\n        \"lclinnegatrejemto\": \"\",\n        \"lcmon\": \"CLP\",\n        \"lcnivatratrejemto\": \"000\",\n        \"lcprcsol\": \"01000\",\n        \"lcsucatrejemto\": \"000\",\n        \"lcsuceje\": \"071\",\n        \"lptasintneg\": \"0\",\n        \"nctactecli\": \"974793296\",\n        \"ndoc\": \"\",\n        \"nideprcccl\": \"Clipper Serie A\",\n        \"npart\": \"1\",\n        \"nplzmaxdia\": \"0\",\n        \"nplzmaxmes\": \"0\",\n        \"nret\": \"0\",\n        \"nrutCli\": \"0703601006\",\n        \"nrutprt1\": \"020628711K\",\n        \"nrutprt2\": \"0000000000\",\n        \"nsolfol\": \"0000000000\",\n        \"tdoc\": \"\",\n        \"tinv\": \"CC\",\n        \"tsol\": \"77\",\n        \"vmtosol\": \"2.0000\",\n        \"vredinv\": \"0\",\n        \"vremcom\": \"0\"\n    }\n}"
						},
						"url": {
							"raw": "{{url_notification}}/notifications/api/tffmm/received",
							"host": [
								"{{url_notification}}"
							],
							"path": [
								"notifications",
								"api",
								"tffmm",
								"received"
							]
						}
					},
					"response": []
				},
				{
					"name": "FFMM TAKE PENDING",
					"request": {
						"method": "POST",
						"header": [
							{
								"key": "Content-Type",
								"value": "application/json",
								"type": "text"
							}
						],
						"body": {
							"mode": "raw",
							"raw": "{\n    \"clientName\": \"firmante\",\n    \"emails\": [\n        \"camilo.barros_ex@scotiabank.cl\"\n    ],\n    \"date\": \"29-01-2019\",\n    \"customer\": {\n        \"name\": \"nombre de empresa\",\n        \"rut\": \"709463004\"\n    },\n    \"owner\": {\n        \"name\": \"creador de transaccion\"\n    },\n    \"authorizers\": [\n        {\n            \"name\": \"primer firmante\",\n            \"rut\": \"709463004\",\n            \"state\": \"Aprobada\",\n            \"date\": \"29/01/2018\",\n            \"time\": \"15:34\"\n        },\n        {\n            \"name\": \"primer firmante\",\n            \"rut\": \"176697482\",\n            \"state\": \"Aprobada\",\n            \"date\": \"29/01/2018\",\n            \"time\": \"15:34\"\n        },\n        {\n            \"name\": \"primer firmante\",\n            \"rut\": \"183798510\",\n            \"state\": \"Pendiente\",\n            \"date\": \"29/01/2018\",\n            \"time\": \"17:34\"\n        }\n    ],\n    \"data\": {\n        \"cbco\": \"\",\n        \"cedoacl\": \"01001\",\n        \"cedorslacl\": \"02001\",\n        \"cejeini\": \"6358\",\n        \"cejepra\": \"0000\",\n        \"cenvpart\": \"1\",\n        \"cfdomut\": \"01\",\n        \"cnrocta\": \"001\",\n        \"cpart\": \"1\",\n        \"cpla\": \"02\",\n        \"cunm\": \"020628711K\",\n        \"currency\": \"CLP\",\n        \"email\": \"a@cl.cl\",\n        \"fcom\": \"0\",\n        \"fcrs\": \"20190508\",\n        \"finisol\": \"20190508\",\n        \"frslacl\": \"20190508\",\n        \"frtf\": \"20190508\",\n        \"fsol\": \"20190508\",\n        \"lcarbatrejemto\": \"00\",\n        \"lcejeatrejemto\": \"0000\",\n        \"lcejeneg\": \"6358\",\n        \"lclinnegatrejemto\": \"\",\n        \"lcmon\": \"CLP\",\n        \"lcnivatratrejemto\": \"000\",\n        \"lcprcsol\": \"01000\",\n        \"lcsucatrejemto\": \"000\",\n        \"lcsuceje\": \"071\",\n        \"lptasintneg\": \"0\",\n        \"nctactecli\": \"974793296\",\n        \"ndoc\": \"\",\n        \"nideprcccl\": \"Clipper Serie A\",\n        \"npart\": \"1\",\n        \"nplzmaxdia\": \"0\",\n        \"nplzmaxmes\": \"0\",\n        \"nret\": \"0\",\n        \"nrutCli\": \"0703601006\",\n        \"nrutprt1\": \"020628711K\",\n        \"nrutprt2\": \"0000000000\",\n        \"nsolfol\": \"0000000000\",\n        \"tdoc\": \"\",\n        \"tinv\": \"CC\",\n        \"tsol\": \"77\",\n        \"vmtosol\": \"2.0000\",\n        \"vredinv\": \"0\",\n        \"vremcom\": \"0\"\n    }\n}"
						},
						"url": {
							"raw": "{{url_notification}}/notifications/api/tffmm/pending",
							"host": [
								"{{url_notification}}"
							],
							"path": [
								"notifications",
								"api",
								"tffmm",
								"pending"
							]
						}
					},
					"response": []
				}
			]
		},
		{
			"name": "LBTR",
			"item": [
				{
					"name": "LBTR MAN PENDING",
					"request": {
						"method": "POST",
						"header": [
							{
								"key": "Content-Type",
								"value": "application/json",
								"type": "text"
							}
						],
						"body": {
							"mode": "raw",
							"raw": "{\n    \"clientName\": \"firmante\",\n    \"emails\": [\n       \"Camilo.Barros_ex@scotiabank.cl\"\n    ],\n    \"date\": \"29/01/2019 10:26:26\",\n    \"customer\": {\n        \"name\": \"nombre de empresa\",\n        \"rut\": \"709463004\"\n    },\n    \"owner\": {\n        \"name\": \"creador de transaccion\",\n        \"number\": \"18181818\"\n    },\n    \"authorizers\": [\n        {\n            \"name\": \"primer firmante\",\n            \"rut\": \"709463004\",\n            \"state\": \"Aprobada\",\n            \"date\": \"29/01/2018\",\n            \"time\": \"15:34\"\n        },\n        {\n            \"name\": \"primer firmante\",\n            \"rut\": \"176697482\",\n            \"state\": \"Aprobada\",\n            \"date\": \"29/01/2018\",\n            \"time\": \"15:34\"\n        },\n        {\n            \"name\": \"primer firmante\",\n            \"rut\": \"183798510\",\n            \"state\": \"Pendiente\",\n            \"date\": \"29/01/2018\",\n            \"time\": \"17:34\"\n        }\n    ],\n    \"data\": {\n        \"requests\": [\n            {\n                \"view\": \"0001\",\n                \"statCode\": \"B\",\n                \"user\": \"INTERNET\",\n                \"transactionCode\": \"PPJJ\",\n                \"codePay\": \"4\",\n                \"dateAdmi\": \"2019-05-17\",\n                \"timeAdmi\": \"094632\",\n                \"datePay\": \"00000000\",\n                \"timePay\": \"000000\",\n                \"rutOrde\": 99574860,\n                \"dGVOrde\": \"6\",\n                \"acountdCVOrde\": \"\",\n                \"accountOrde\": 970194665,\n                \"currencyPay\": \"CLP\",\n                \"amountPay\": 3120,\n                \"rutBeneficiaryBank\": 97018000,\n                \"dGVBeneficiaryBank\": \"1\",\n                \"bankName\": \"SCOTIABANK CHILE\",\n                \"debitAccount\": 0,\n                \"currencydebitAccount\": \"\",\n                \"debitAccountOffice\": 0,\n                \"cCTGLNdeb\": \"\",\n                \"cCiNG\": \"\",\n                \"beneficiaryName\": \"MismoBanco\",\n                \"beneficiaryAccount\": \"770858300\",\n                \"beneficiaryTypeAccount\": \"01000\",\n                \"rutBeneficiary\": \"70946300\",\n                \"dGVBeneficiary\": \"4\",\n                \"acountdCVOBeneficiary\": \"\",\n                \"paymentkey1\": \"\",\n                \"paymentkey2\": \"\",\n                \"paymentkey3\": \"\",\n                \"paymentkey4\": \"\",\n                \"paymentkey5\": \"\",\n                \"paymentkey6\": \"\",\n                \"paymentkey7\": \"\",\n                \"paymentkey8\": \"\",\n                \"paymentkey9\": \"\",\n                \"paymentkey10\": \"\",\n                \"flagCommission\": \"Y\",\n                \"commissionAccount\": 970194665,\n                \"orderingEmail\": \"\",\n                \"beneficiaryEmail\": \"alo@alo.cl\",\n                \"gloss\": \"\",\n                \"action\": \"P\",\n                \"informationRem1\": \"\",\n                \"informationRem2\": \"\",\n                \"informationRem3\": \"\",\n                \"informationRem4\": \"\",\n                \"detalNUsa\": \"\",\n                \"codProduct\": \"WEB\",\n                \"nTipe\": \"\"\n            }\n        ]\n    }\n}"
						},
						"url": {
							"raw": "{{url_notification}}/notifications/api/lbtr/manual/pending",
							"host": [
								"{{url_notification}}"
							],
							"path": [
								"notifications",
								"api",
								"lbtr",
								"manual",
								"pending"
							]
						}
					},
					"response": []
				},
				{
					"name": "LBTR MAN RECEIVED",
					"request": {
						"method": "POST",
						"header": [
							{
								"key": "Content-Type",
								"value": "application/json",
								"type": "text"
							}
						],
						"body": {
							"mode": "raw",
							"raw": "{\n    \"clientName\": \"firmante\",\n    \"emails\": [\n       \"Camilo.Barros_ex@scotiabank.cl\"\n    ],\n    \"date\": \"29/01/2019 10:26:26\",\n    \"customer\": {\n        \"name\": \"nombre de empresa\",\n        \"rut\": \"709463004\"\n    },\n    \"owner\": {\n        \"name\": \"creador de transaccion\",\n        \"number\": \"18181818\"\n    },\n    \"authorizers\": [\n        {\n            \"name\": \"primer firmante\",\n            \"rut\": \"709463004\",\n            \"state\": \"Aprobada\",\n            \"date\": \"29/01/2018\",\n            \"time\": \"15:34\"\n        },\n        {\n            \"name\": \"primer firmante\",\n            \"rut\": \"176697482\",\n            \"state\": \"Aprobada\",\n            \"date\": \"29/01/2018\",\n            \"time\": \"15:34\"\n        },\n        {\n            \"name\": \"primer firmante\",\n            \"rut\": \"183798510\",\n            \"state\": \"Pendiente\",\n            \"date\": \"29/01/2018\",\n            \"time\": \"17:34\"\n        }\n    ],\n    \"data\": {\n        \"requests\": [\n            {\n                \"view\": \"0001\",\n                \"statCode\": \"B\",\n                \"user\": \"INTERNET\",\n                \"transactionCode\": \"PPJJ\",\n                \"codePay\": \"4\",\n                \"dateAdmi\": \"2019-05-17\",\n                \"timeAdmi\": \"094632\",\n                \"datePay\": \"00000000\",\n                \"timePay\": \"000000\",\n                \"rutOrde\": 99574860,\n                \"dGVOrde\": \"6\",\n                \"acountdCVOrde\": \"\",\n                \"accountOrde\": 970194665,\n                \"currencyPay\": \"CLP\",\n                \"amountPay\": 3120,\n                \"rutBeneficiaryBank\": 97018000,\n                \"dGVBeneficiaryBank\": \"1\",\n                \"bankName\": \"SCOTIABANK CHILE\",\n                \"debitAccount\": 0,\n                \"currencydebitAccount\": \"\",\n                \"debitAccountOffice\": 0,\n                \"cCTGLNdeb\": \"\",\n                \"cCiNG\": \"\",\n                \"beneficiaryName\": \"MismoBanco\",\n                \"beneficiaryAccount\": \"770858300\",\n                \"beneficiaryTypeAccount\": \"01000\",\n                \"rutBeneficiary\": \"70946300\",\n                \"dGVBeneficiary\": \"4\",\n                \"acountdCVOBeneficiary\": \"\",\n                \"paymentkey1\": \"\",\n                \"paymentkey2\": \"\",\n                \"paymentkey3\": \"\",\n                \"paymentkey4\": \"\",\n                \"paymentkey5\": \"\",\n                \"paymentkey6\": \"\",\n                \"paymentkey7\": \"\",\n                \"paymentkey8\": \"\",\n                \"paymentkey9\": \"\",\n                \"paymentkey10\": \"\",\n                \"flagCommission\": \"Y\",\n                \"commissionAccount\": 970194665,\n                \"orderingEmail\": \"\",\n                \"beneficiaryEmail\": \"alo@alo.cl\",\n                \"gloss\": \"\",\n                \"action\": \"P\",\n                \"informationRem1\": \"\",\n                \"informationRem2\": \"\",\n                \"informationRem3\": \"\",\n                \"informationRem4\": \"\",\n                \"detalNUsa\": \"\",\n                \"codProduct\": \"WEB\",\n                \"nTipe\": \"\"\n            }\n        ]\n    }\n}"
						},
						"url": {
							"raw": "{{url_notification}}/notifications/api/lbtr/manual/received",
							"host": [
								"{{url_notification}}"
							],
							"path": [
								"notifications",
								"api",
								"lbtr",
								"manual",
								"received"
							]
						}
					},
					"response": []
				},
				{
					"name": "LBTR PENDING",
					"request": {
						"method": "POST",
						"header": [
							{
								"key": "Content-Type",
								"value": "application/json",
								"type": "text"
							}
						],
						"body": {
							"mode": "raw",
							"raw": "{\n    \"clientName\": \"firmante\",\n    \"emails\": [\n        \"Camilo.Barros_ex@scotiabank.cl\"\n    ],\n    \"date\": \"29-01-2019\",\n    \"customer\": {\n        \"name\": \"nombre de empresa\",\n        \"rut\": \"709463004\"\n    },\n    \"owner\": {\n        \"name\": \"creador de transaccion\",\n        \"number\": \"18181818\",\n        \"rut\": \"19\"\n    },\n    \"authorizers\": [\n        {\n            \"name\": \"primer firmante\",\n            \"rut\": \"709463004\",\n            \"state\": \"Aprobada\",\n            \"date\": \"29/01/2018\",\n            \"time\": \"15:34\"\n        },\n        {\n            \"name\": \"primer firmante\",\n            \"rut\": \"176697482\",\n            \"state\": \"Aprobada\",\n            \"date\": \"29/01/2018\",\n            \"time\": \"15:34\"\n        },\n        {\n            \"name\": \"primer firmante\",\n            \"rut\": \"183798510\",\n            \"state\": \"Pendiente\",\n            \"date\": \"29/01/2018\",\n            \"time\": \"17:34\"\n        }\n    ],\n    \"data\": {\n        \"amount\": 7680,\n        \"currency\": \"CLP\",\n        \"agreementcode\": \"002 - Remuneraciones-honorarios\",\n        \"rosterDescription\": \"Mi Nomina\",\n        \"numRecords\": \"128\",\n        \"paymentDate\": \"08 Mar, 2019\",\n        \"paysheet_id\": \"20181227181435505000\",\n        \"code_agreement\": \"2\",\n        \"secondary_code\": \"LBTR\"\n    }\n}"
						},
						"url": {
							"raw": "{{url_notification}}/notifications/api/lbtr/nomina/pending",
							"host": [
								"{{url_notification}}"
							],
							"path": [
								"notifications",
								"api",
								"lbtr",
								"nomina",
								"pending"
							]
						}
					},
					"response": []
				},
				{
					"name": "LBTR RECEIVED",
					"request": {
						"method": "POST",
						"header": [
							{
								"key": "Content-Type",
								"value": "application/json",
								"type": "text"
							}
						],
						"body": {
							"mode": "raw",
							"raw": "{\n    \"clientName\": \"firmante\",\n    \"emails\": [\n        \"Camilo.Barros_ex@scotiabank.cl\"\n    ],\n    \"date\": \"29-01-2019\",\n    \"customer\": {\n        \"name\": \"nombre de empresa\",\n        \"rut\": \"709463004\"\n    },\n    \"owner\": {\n        \"name\": \"creador de transaccion\",\n        \"number\": \"18181818\",\n        \"rut\": \"19\"\n    },\n    \"authorizers\": [\n        {\n            \"name\": \"primer firmante\",\n            \"rut\": \"709463004\",\n            \"state\": \"Aprobada\",\n            \"date\": \"29/01/2018\",\n            \"time\": \"15:34\"\n        },\n        {\n            \"name\": \"primer firmante\",\n            \"rut\": \"176697482\",\n            \"state\": \"Aprobada\",\n            \"date\": \"29/01/2018\",\n            \"time\": \"15:34\"\n        },\n        {\n            \"name\": \"primer firmante\",\n            \"rut\": \"183798510\",\n            \"state\": \"Pendiente\",\n            \"date\": \"29/01/2018\",\n            \"time\": \"17:34\"\n        }\n    ],\n    \"data\": {\n        \"amount\": 7680,\n        \"currency\": \"CLP\",\n        \"agreementcode\": \"002 - Remuneraciones-honorarios\",\n        \"rosterDescription\": \"Mi Nomina\",\n        \"numRecords\": \"128\",\n        \"paymentDate\": \"08 Mar, 2019\",\n        \"paysheet_id\": \"20181227181435505000\",\n        \"code_agreement\": \"2\",\n        \"secondary_code\": \"LBTR\"\n    }\n}"
						},
						"url": {
							"raw": "{{url_notification}}/notifications/api/lbtr/nomina/pending",
							"host": [
								"{{url_notification}}"
							],
							"path": [
								"notifications",
								"api",
								"lbtr",
								"nomina",
								"pending"
							]
						}
					},
					"response": []
				}
			]
		},
		{
			"name": "PAGOS MASIVOS",
			"item": [
				{
					"name": "PAGOS MASIVOS PENDING",
					"request": {
						"method": "POST",
						"header": [
							{
								"key": "Content-Type",
								"value": "application/json",
								"type": "text"
							}
						],
						"body": {
							"mode": "raw",
							"raw": "{\n    \"clientName\": \"firmante\",\n    \"emails\": [\n        \"Camilo.Barros_ex@scotiabank.cl\"\n    ],\n    \"date\": \"29-01-2019\",\n    \"customer\": {\n        \"name\": \"nombre de empresa\",\n        \"rut\": \"709463004\"\n    },\n    \"owner\": {\n        \"name\": \"creador de transaccion\"\n    },\n    \"authorizers\": [\n        {\n            \"name\": \"primer firmante\",\n            \"rut\": \"709463004\",\n            \"state\": \"Aprobada\",\n            \"date\": \"29/01/2018\",\n            \"time\": \"15:34\"\n        },\n        {\n            \"name\": \"primer firmante\",\n            \"rut\": \"176697482\",\n            \"state\": \"Aprobada\",\n            \"date\": \"29/01/2018\",\n            \"time\": \"15:34\"\n        },\n        {\n            \"name\": \"primer firmante\",\n            \"rut\": \"183798510\",\n            \"state\": \"Pendiente\",\n            \"date\": \"29/01/2018\",\n            \"time\": \"17:34\"\n        }\n    ],\n    \"data\": {\n        \"numberagreement\": \"0000000000713085508\",\n        \"amount\": 12400000,\n        \"currency\": \"CLP\",\n        \"agreementcode\": \"001 - 001 - Asociacion Chilena De Segurida\",\n        \"rosterDescription\": \"Test\",\n        \"numRecords\": \"2\",\n        \"paymentDate\": \"08 Ago, 2019\",\n        \"paysheet_id\": \"20190808110745732000\",\n        \"code_agreement\": \"1\",\n        \"secondary_code\": \"NMD\",\n        \"rut_agreement\": \"00703601006\"\n    }\n}"
						},
						"url": {
							"raw": "{{url_notification}}/notifications/api/massivepayment/pending",
							"host": [
								"{{url_notification}}"
							],
							"path": [
								"notifications",
								"api",
								"massivepayment",
								"pending"
							]
						}
					},
					"response": []
				},
				{
					"name": "PAGOS MASIVOS  PENDING ANOTHER",
					"request": {
						"method": "POST",
						"header": [
							{
								"key": "Content-Type",
								"value": "application/json",
								"type": "text"
							}
						],
						"body": {
							"mode": "raw",
							"raw": "{\n    \"clientName\": \"firmante\",\n    \"emails\": [\n         \"Camilo.Barros_ex@scotiabank.cl\"\n    ],\n    \"date\": \"29-01-2019\",\n    \"customer\": {\n        \"name\": \"nombre de empresa\",\n        \"rut\": \"709463004\"\n    },\n    \"owner\": {\n        \"name\": \"creador de transaccion\",\n        \"rut\": \"1-9\"\n    },\n    \"authorizers\": [\n        {\n            \"name\": \"primer firmante\",\n            \"rut\": \"709463004\",\n            \"state\": \"Aprobada\",\n            \"date\": \"29/01/2018\",\n            \"time\": \"15:34\"\n        },\n        {\n            \"name\": \"primer firmante\",\n            \"rut\": \"176697482\",\n            \"state\": \"Aprobada\",\n            \"date\": \"29/01/2018\",\n            \"time\": \"15:34\"\n        },\n        {\n            \"name\": \"primer firmante\",\n            \"rut\": \"183798510\",\n            \"state\": \"Pendiente\",\n            \"date\": \"29/01/2018\",\n            \"time\": \"17:34\"\n        }\n    ],\n    \"data\": {\n        \"numberagreement\": \"0000000000713085508\",\n        \"amount\": 7680,\n        \"currency\": \"CLP\",\n        \"agreementcode\": \"002 - Remuneraciones-honorarios\",\n        \"rosterDescription\": \"Mi Nomina\",\n        \"numRecords\": \"128\",\n        \"paymentDate\": \"08 Mar, 2019\",\n        \"paysheet_id\": \"20190306160608848000\",\n        \"code_agreement\": \"2\",\n        \"secondary_code\": \"MPGOOP\"\n    }\n}"
						},
						"url": {
							"raw": "{{url_notification}}/notifications/api/massivepaymentanother/pending",
							"host": [
								"{{url_notification}}"
							],
							"path": [
								"notifications",
								"api",
								"massivepaymentanother",
								"pending"
							]
						}
					},
					"response": []
				},
				{
					"name": "PAGOS MASIVOS  PENDING PRIVATE ROLE",
					"request": {
						"method": "POST",
						"header": [
							{
								"key": "Content-Type",
								"value": "application/json",
								"type": "text"
							}
						],
						"body": {
							"mode": "raw",
							"raw": "{\n    \"clientName\": \"firmante\",\n    \"emails\": [\n         \"Camilo.Barros_ex@scotiabank.cl\"\n    ],\n    \"date\": \"29-01-2019\",\n    \"customer\": {\n        \"name\": \"nombre de empresa\",\n        \"rut\": \"709463004\"\n    },\n    \"owner\": {\n        \"name\": \"creador de transaccion\"\n    },\n    \"authorizers\": [\n        {\n            \"name\": \"primer firmante\",\n            \"rut\": \"709463004\",\n            \"state\": \"Aprobada\",\n            \"date\": \"29/01/2018\",\n            \"time\": \"15:34\"\n        },\n        {\n            \"name\": \"primer firmante\",\n            \"rut\": \"176697482\",\n            \"state\": \"Aprobada\",\n            \"date\": \"29/01/2018\",\n            \"time\": \"15:34\"\n        },\n        {\n            \"name\": \"primer firmante\",\n            \"rut\": \"183798510\",\n            \"state\": \"Pendiente\",\n            \"date\": \"29/01/2018\",\n            \"time\": \"17:34\"\n        }\n    ],\n    \"data\": {\n        \"numberagreement\": \"0000000000713085508\",\n        \"amount\": 7680,\n        \"currency\": \"CLP\",\n        \"agreementcode\": \"002 - Remuneraciones-honorarios\",\n        \"rosterDescription\": \"Mi Nomina\",\n        \"numRecords\": \"128\",\n        \"paymentDate\": \"08 Mar, 2019\",\n        \"paysheet_id\": \"20190306160608848000\",\n        \"code_agreement\": \"2\",\n        \"secondary_code\": \"MPGORP\",\n        \"rut_agreement\": \"00719122000\"\n    }\n}"
						},
						"url": {
							"raw": "{{url_notification}}/notifications/api/massivepaymentprole/pending",
							"host": [
								"{{url_notification}}"
							],
							"path": [
								"notifications",
								"api",
								"massivepaymentprole",
								"pending"
							]
						}
					},
					"response": []
				},
				{
					"name": "PAGOS MASIVOS  PENDING PROVIDERS",
					"request": {
						"method": "POST",
						"header": [
							{
								"key": "Content-Type",
								"value": "application/json",
								"type": "text"
							}
						],
						"body": {
							"mode": "raw",
							"raw": "{\n    \"clientName\": \"firmante\",\n    \"emails\": [\n         \"Camilo.Barros_ex@scotiabank.cl\"\n    ],\n    \"date\": \"29-01-2019\",\n    \"customer\": {\n        \"name\": \"nombre de empresa\",\n        \"rut\": \"709463004\"\n    },\n    \"owner\": {\n        \"name\": \"creador de transaccion\"\n    },\n    \"authorizers\": [\n        {\n            \"name\": \"primer firmante\",\n            \"rut\": \"709463004\",\n            \"state\": \"Aprobada\",\n            \"date\": \"29/01/2018\",\n            \"time\": \"15:34\"\n        },\n        {\n            \"name\": \"primer firmante\",\n            \"rut\": \"176697482\",\n            \"state\": \"Aprobada\",\n            \"date\": \"29/01/2018\",\n            \"time\": \"15:34\"\n        },\n        {\n            \"name\": \"primer firmante\",\n            \"rut\": \"183798510\",\n            \"state\": \"Pendiente\",\n            \"date\": \"29/01/2018\",\n            \"time\": \"17:34\"\n        }\n    ],\n    \"data\": {\n        \"numberagreement\": \"0000000000713085508\",\n        \"amount\": 7680,\n        \"currency\": \"CLP\",\n        \"agreementcode\": \"002 - Remuneraciones-honorarios\",\n        \"rosterDescription\": \"Mi Nomina\",\n        \"numRecords\": \"128\",\n        \"paymentDate\": \"08 Mar, 2019\",\n        \"paysheet_id\": \"20190306160608848000\",\n        \"code_agreement\": \"2\",\n        \"secondary_code\": \"PER\",\n        \"rut_agreement\": \"00719122000\"\n    }\n}"
						},
						"url": {
							"raw": "{{url_notification}}/notifications/api/massivepaymentprovider/pending",
							"host": [
								"{{url_notification}}"
							],
							"path": [
								"notifications",
								"api",
								"massivepaymentprovider",
								"pending"
							]
						}
					},
					"response": []
				},
				{
					"name": "PAGOS MASIVOS RECEIVED",
					"request": {
						"method": "POST",
						"header": [
							{
								"key": "Content-Type",
								"value": "application/json",
								"type": "text"
							}
						],
						"body": {
							"mode": "raw",
							"raw": "{\n    \"clientName\": \"firmante\",\n    \"emails\": [\n        \"Camilo.Barros_ex@scotiabank.cl\"\n    ],\n    \"date\": \"29-01-2019\",\n    \"customer\": {\n        \"name\": \"nombre de empresa\",\n        \"rut\": \"709463004\"\n    },\n    \"owner\": {\n        \"name\": \"creador de transaccion\"\n    },\n    \"authorizers\": [\n        {\n            \"name\": \"primer firmante\",\n            \"rut\": \"709463004\",\n            \"state\": \"Aprobada\",\n            \"date\": \"29/01/2018\",\n            \"time\": \"15:34\"\n        },\n        {\n            \"name\": \"primer firmante\",\n            \"rut\": \"176697482\",\n            \"state\": \"Aprobada\",\n            \"date\": \"29/01/2018\",\n            \"time\": \"15:34\"\n        },\n        {\n            \"name\": \"primer firmante\",\n            \"rut\": \"183798510\",\n            \"state\": \"Pendiente\",\n            \"date\": \"29/01/2018\",\n            \"time\": \"17:34\"\n        }\n    ],\n    \"data\": {\n        \"numberagreement\": \"0000000000713085508\",\n        \"amount\": 7680,\n        \"currency\": \"CLP\",\n        \"agreementcode\": \"002 - Remuneraciones-honorarios\",\n        \"rosterDescription\": \"Mi Nomina\",\n        \"numRecords\": \"128\",\n        \"paymentDate\": \"08 Mar, 2019\",\n        \"paysheet_id\": \"20190306160608848000\",\n        \"code_agreement\": \"2\",\n        \"secondary_code\": \"MPGO\",\n        \"rut_agreement\": \"00719122000\"\n    }\n}"
						},
						"url": {
							"raw": "{{url_notification}}/notifications/api/massivepayment/received",
							"host": [
								"{{url_notification}}"
							],
							"path": [
								"notifications",
								"api",
								"massivepayment",
								"received"
							]
						}
					},
					"response": []
				},
				{
					"name": "PAGOS MASIVOS RECEIVED ANOTHER",
					"request": {
						"method": "POST",
						"header": [
							{
								"key": "Content-Type",
								"value": "application/json",
								"type": "text"
							}
						],
						"body": {
							"mode": "raw",
							"raw": "{\n    \"clientName\": \"firmante\",\n    \"emails\": [\n        \"Camilo.Barros_ex@scotiabank.cl\"\n    ],\n    \"date\": \"29-01-2019\",\n    \"customer\": {\n        \"name\": \"nombre de empresa\",\n        \"rut\": \"709463004\"\n    },\n    \"owner\": {\n        \"name\": \"creador de transaccion\"\n    },\n    \"authorizers\": [\n        {\n            \"name\": \"primer firmante\",\n            \"rut\": \"709463004\",\n            \"state\": \"Aprobada\",\n            \"date\": \"29/01/2018\",\n            \"time\": \"15:34\"\n        },\n        {\n            \"name\": \"primer firmante\",\n            \"rut\": \"176697482\",\n            \"state\": \"Aprobada\",\n            \"date\": \"29/01/2018\",\n            \"time\": \"15:34\"\n        },\n        {\n            \"name\": \"primer firmante\",\n            \"rut\": \"183798510\",\n            \"state\": \"Pendiente\",\n            \"date\": \"29/01/2018\",\n            \"time\": \"17:34\"\n        }\n    ],\n    \"data\": {\n        \"numberagreement\": \"0000000000713085508\",\n        \"amount\": 7680,\n        \"currency\": \"CLP\",\n        \"agreementcode\": \"002 - Remuneraciones-honorarios\",\n        \"rosterDescription\": \"Mi Nomina\",\n        \"numRecords\": \"128\",\n        \"paymentDate\": \"08 Mar, 2019\",\n        \"paysheet_id\": \"20190306160608848000\",\n        \"code_agreement\": \"2\",\n        \"secondary_code\": \"MPGO\"\n    }\n}"
						},
						"url": {
							"raw": "{{url_notification}}/notifications/api/massivepaymentanother/received",
							"host": [
								"{{url_notification}}"
							],
							"path": [
								"notifications",
								"api",
								"massivepaymentanother",
								"received"
							]
						}
					},
					"response": []
				},
				{
					"name": "PAGOS MASIVOS  RECEIVED PRIVATE ROLE",
					"request": {
						"method": "POST",
						"header": [
							{
								"key": "Content-Type",
								"value": "application/json",
								"type": "text"
							},
							{
								"key": "\"headers\"",
								"value": " \"Content-Type: application/json\\n\",",
								"type": "text",
								"disabled": true
							}
						],
						"body": {
							"mode": "raw",
							"raw": "{\n    \"clientName\": \"firmante\",\n    \"emails\": [\n         \"Camilo.Barros_ex@scotiabank.cl\"\n    ],\n    \"date\": \"29-01-2019\",\n    \"customer\": {\n        \"name\": \"nombre de empresa\",\n        \"rut\": \"709463004\"\n    },\n    \"owner\": {\n        \"name\": \"creador de transaccion\"\n    },\n    \"authorizers\": [\n        {\n            \"name\": \"primer firmante\",\n            \"rut\": \"709463004\",\n            \"state\": \"Aprobada\",\n            \"date\": \"29/01/2018\",\n            \"time\": \"15:34\"\n        },\n        {\n            \"name\": \"primer firmante\",\n            \"rut\": \"176697482\",\n            \"state\": \"Aprobada\",\n            \"date\": \"29/01/2018\",\n            \"time\": \"15:34\"\n        },\n        {\n            \"name\": \"primer firmante\",\n            \"rut\": \"183798510\",\n            \"state\": \"Pendiente\",\n            \"date\": \"29/01/2018\",\n            \"time\": \"17:34\"\n        }\n    ],\n    \"data\": {\n        \"numberagreement\": \"0000000000713085508\",\n        \"amount\": 7680,\n        \"currency\": \"CLP\",\n        \"agreementcode\": \"002 - Remuneraciones-honorarios\",\n        \"rosterDescription\": \"Mi Nomina\",\n        \"numRecords\": \"128\",\n        \"paymentDate\": \"08 Mar, 2019\",\n        \"paysheet_id\": \"20190306160608848000\",\n        \"code_agreement\": \"2\",\n        \"secondary_code\": \"MPGO\"\n    }\n}"
						},
						"url": {
							"raw": "{{url_notification}}/notifications/api/massivepaymentprole/received",
							"host": [
								"{{url_notification}}"
							],
							"path": [
								"notifications",
								"api",
								"massivepaymentprole",
								"received"
							]
						}
					},
					"response": []
				},
				{
					"name": "PAGOS MASIVOS  REVEICED PROVIDERS",
					"request": {
						"method": "POST",
						"header": [
							{
								"key": "Content-Type",
								"value": "application/json",
								"type": "text"
							}
						],
						"body": {
							"mode": "raw",
							"raw": "{\n    \"clientName\": \"firmante\",\n    \"emails\": [\n        \"Camilo.Barros_ex@scotiabank.cl\"\n    ],\n    \"date\": \"29-01-2019\",\n    \"customer\": {\n        \"name\": \"nombre de empresa\",\n        \"rut\": \"709463004\"\n    },\n    \"owner\": {\n        \"name\": \"creador de transaccion\"\n    },\n    \"authorizers\": [\n        {\n            \"name\": \"primer firmante\",\n            \"rut\": \"709463004\",\n            \"state\": \"Aprobada\",\n            \"date\": \"29/01/2018\",\n            \"time\": \"15:34\"\n        },\n        {\n            \"name\": \"primer firmante\",\n            \"rut\": \"176697482\",\n            \"state\": \"Aprobada\",\n            \"date\": \"29/01/2018\",\n            \"time\": \"15:34\"\n        },\n        {\n            \"name\": \"primer firmante\",\n            \"rut\": \"183798510\",\n            \"state\": \"Pendiente\",\n            \"date\": \"29/01/2018\",\n            \"time\": \"17:34\"\n        }\n    ],\n    \"data\": {\n        \"numberagreement\": \"0000000000713085508\",\n        \"amount\": 7680,\n        \"currency\": \"CLP\",\n        \"agreementcode\": \"002 - Remuneraciones-honorarios\",\n        \"rosterDescription\": \"Mi Nomina\",\n        \"numRecords\": \"128\",\n        \"paymentDate\": \"08 Mar, 2019\",\n        \"paysheet_id\": \"20190306160608848000\",\n        \"code_agreement\": \"2\",\n        \"secondary_code\": \"PER\",\n        \"rut_agreement\": \"00719122000\"\n    }\n}"
						},
						"url": {
							"raw": "{{url_notification}}/notifications/api/massivepaymentprovider/received",
							"host": [
								"{{url_notification}}"
							],
							"path": [
								"notifications",
								"api",
								"massivepaymentprovider",
								"received"
							]
						}
					},
					"response": []
				}
			]
		},
		{
			"name": "Pago Credito",
			"item": [
				{
					"name": "pago credito pending",
					"request": {
						"method": "POST",
						"header": [
							{
								"key": "Content-Type",
								"value": "application/json",
								"type": "text"
							}
						],
						"body": {
							"mode": "raw",
							"raw": "{\n    \"clientName\": \"firmante\",\n    \"emails\": [\n        \"camilo.barros_ex@scotiabank.cl\"\n    ],\n    \"date\": \"29-01-2019\",\n    \"customer\": {\n        \"name\": \"nombre de empresa\",\n        \"rut\": \"709463004\"\n    },\n    \"owner\": {\n        \"name\": \"creador de transaccion\"\n    },\n    \"authorizers\": [\n        {\n            \"name\": \"primer firmante\",\n            \"rut\": \"709463004\",\n            \"state\": \"Aprobada\",\n            \"date\": \"29/01/2018\",\n            \"time\": \"15:34\"\n        },\n        {\n            \"name\": \"primer firmante\",\n            \"rut\": \"176697482\",\n            \"state\": \"Aprobada\",\n            \"date\": \"29/01/2018\",\n            \"time\": \"15:34\"\n        },\n        {\n            \"name\": \"primer firmante\",\n            \"rut\": \"183798510\",\n            \"state\": \"Pendiente\",\n            \"date\": \"29/01/2018\",\n            \"time\": \"17:34\"\n        }\n    ],\n    \"data\": {\n        \"customerId\": \"816692008\",\n        \"amt\": 17678742,\n        \"amtOriginal\": 17678742,\n        \"fromAcctInfo\": \"971962968\",\n        \"installmentNum\": 33,\n        \"productId\": \"CTACTE\",\n        \"toAcctInfo\": \"710061402451\",\n        \"typePayment\": \"CTA\",\n        \"valcamb\": \"1.0000\",\n        \"valmora\": \"0.0000\",\n        \"descprp\": \"DEPOSITOS DEL BANCO\",\n        \"fvcto\": \"20190730\",\n        \"tipdeud\": \"Deuda Directa\",\n        \"nrotcuo\": 144,\n        \"edocred\": \"Vigente\"\n    }\n}"
						},
						"url": {
							"raw": "{{url_notification}}/notifications/api/creditpayment/pending",
							"host": [
								"{{url_notification}}"
							],
							"path": [
								"notifications",
								"api",
								"creditpayment",
								"pending"
							]
						}
					},
					"response": []
				},
				{
					"name": "pago credito received",
					"request": {
						"method": "POST",
						"header": [
							{
								"key": "Content-Type",
								"value": "application/json",
								"type": "text"
							}
						],
						"body": {
							"mode": "raw",
							"raw": "{\n    \"clientName\": \"firmante\",\n    \"emails\": [\n        \"camilo.barros_ex@scotiabank.cl\"\n    ],\n    \"date\": \"29-01-2019\",\n    \"customer\": {\n        \"name\": \"nombre de empresa\",\n        \"rut\": \"709463004\"\n    },\n    \"owner\": {\n        \"name\": \"creador de transaccion\"\n    },\n    \"authorizers\": [\n        {\n            \"name\": \"primer firmante\",\n            \"rut\": \"709463004\",\n            \"state\": \"Rechazada\",\n            \"date\": \"29/01/2018\",\n            \"time\": \"15:34\"\n        },\n        {\n            \"name\": \"primer firmante\",\n            \"rut\": \"176697482\",\n            \"state\": \"Aprobada\",\n            \"date\": \"29/01/2018\",\n            \"time\": \"15:34\"\n        },\n        {\n            \"name\": \"primer firmante\",\n            \"rut\": \"183798510\",\n            \"state\": \"Pendiente\",\n            \"date\": \"29/01/2018\",\n            \"time\": \"17:34\"\n        }\n    ],\n    \"data\": {\n        \"customerId\": \"816692008\",\n        \"amt\": 17678742,\n        \"amtOriginal\": 17678742,\n        \"fromAcctInfo\": \"971962968\",\n        \"installmentNum\": 33,\n        \"productId\": \"CTACTE\",\n        \"toAcctInfo\": \"710061402451\",\n        \"typePayment\": \"CTA\",\n        \"valcamb\": \"1.0000\",\n        \"valmora\": \"0.0000\",\n        \"descprp\": \"DEPOSITOS DEL BANCO\",\n        \"fvcto\": \"20190730\",\n        \"tipdeud\": \"Deuda Directa\",\n        \"nrotcuo\": 144,\n        \"edocred\": \"Vigente\"\n    }\n}"
						},
						"url": {
							"raw": "{{url_notification}}/notifications/api/creditpayment/received",
							"host": [
								"{{url_notification}}"
							],
							"path": [
								"notifications",
								"api",
								"creditpayment",
								"received"
							]
						}
					},
					"response": []
				}
			]
		},
		{
			"name": "Transfer",
			"item": [
				{
					"name": "transfer pending",
					"request": {
						"method": "POST",
						"header": [
							{
								"key": "Content-Type",
								"value": "application/json",
								"type": "text"
							}
						],
						"body": {
							"mode": "raw",
							"raw": "{\n    \"clientName\": \"CONTROLLER LOPEZ LOPEZ\",\n    \"date\": \"24/05/19\",\n    \"owner\": {\n        \"name\": \"DOS DOS DOS\",\n        \"rut\": null,\n        \"number\": null,\n        \"bank\": null\n    },\n    \"authorizers\": [\n        {\n            \"name\": \"CONTROLLER LOPEZ LOPEZ\",\n            \"rut\": \"23.913.564-1\",\n            \"state\": \"Pendiente\",\n            \"date\": \"\",\n            \"time\": \"----\"\n        }\n    ],\n    \"customer\": {\n        \"name\": \"Empresa Origen\",\n        \"rut\": \"995748606\"\n    },\n    \"emails\": [\n        \"camilo.barros_ex@scotiabank.cl\"\n    ],\n    \"data\": {\n        \"receipt\": [\n            {\n                \"date\": \"2019-07-11 11:04:11\",\n                \"confirmationNumber\": \"1251676194\",\n                \"status\": 0,\n                \"transferStatus\": \"EXECUTED\",\n                \"exchange\": null,\n                \"cashAdvanceFee\": null\n            }\n        ],\n        \"origin_account\": {\n            \"number\": \"****8404\",\n            \"numberEnc\": \"qP2ZHkDKMoNdstA8cJZLcgYl4-tAWzVx7A==\",\n            \"type\": \"CTACTE\",\n            \"currency\": \"CLP\"\n        },\n        \"destination_account\": [\n            {\n                \"amount\": 100000,\n                \"number\": \"5646448614174\",\n                \"numberEnc\": \"teCCBEnGNoc0D2_-sR4W_24F1sJ8_AmV\",\n                \"type\": \"TCCR\",\n                \"currency\": \"USD\",\n                \"tcType\": \"4\"\n            }\n        ]\n    }\n}"
						},
						"url": {
							"raw": "{{url_notification}}/notifications/api/transfer/pending",
							"host": [
								"{{url_notification}}"
							],
							"path": [
								"notifications",
								"api",
								"transfer",
								"pending"
							]
						}
					},
					"response": []
				},
				{
					"name": "transfer received",
					"request": {
						"method": "POST",
						"header": [
							{
								"key": "Content-Type",
								"value": "application/json",
								"type": "text"
							}
						],
						"body": {
							"mode": "raw",
							"raw": "{\n    \"clientName\": \"firmante\",\n    \"emails\": [\n           \"camilo.barros_ex@scotiabank.cl\"\n    ],\n    \"date\": \"29-01-2019\",\n    \"customer\": {\n        \"name\": \"nombre de empresa\",\n        \"rut\": \"709463004\"\n    },\n    \"owner\": {\n        \"name\": \"creador de transaccion\"\n    },\n    \"authorizers\": [\n        {\n            \"name\": \"primer firmante\",\n            \"rut\": \"709463004\",\n            \"state\": \"Rechazada\",\n            \"date\": \"29/01/2018\",\n            \"time\": \"15:34\"\n        },\n        {\n            \"name\": \"primer firmante\",\n            \"rut\": \"176697482\",\n            \"state\": \"Aprobada\",\n            \"date\": \"29/01/2018\",\n            \"time\": \"15:34\"\n        },\n        {\n            \"name\": \"primer firmante\",\n            \"rut\": \"183798510\",\n            \"state\": \"Pendiente\",\n            \"date\": \"29/01/2018\",\n            \"time\": \"17:34\"\n        }\n    ],\n    \"data\": {\n        \"origin_account\": {\n            \"number\": \"771018404\",\n            \"type\": \"CTACTE\",\n            \"currency\": \"CLP\"\n        },\n        \"destination_account\": [\n            {\n                \"amount\": 21,\n                \"number\": \"970143130\",\n                \"type\": \"CTACTE\",\n                \"currency\": \"CLP\",\n                \"addressee\": {\n                    \"name\": \"Antonia Acosta\",\n                    \"email\": \"aacosta@pega.com\",\n                    \"rut\": \"995892308\"\n                },\n                \"bank_id\": 14,\n                \"bank_name\": \"SCOTIABANK CHILE\"\n            }\n        ]\n    }\n}"
						},
						"url": {
							"raw": "{{url_notification}}/notifications/api/transfer/received",
							"host": [
								"{{url_notification}}"
							],
							"path": [
								"notifications",
								"api",
								"transfer",
								"received"
							]
						}
					},
					"response": []
				}
			]
		},
		{
			"name": "ONP",
			"item": [
				{
					"name": "ONP RECIEVED",
					"request": {
						"method": "POST",
						"header": [
							{
								"key": "Content-Type",
								"value": "application/json",
								"type": "text"
							}
						],
						"body": {
							"mode": "raw",
							"raw": "{\n    \"clientName\": \"firmante\",\n    \"emails\": [\n        \"camilo.barros_ex@scotiabank.cl\"\n    ],\n    \"date\": \"29-01-2019\",\n    \"customer\": {\n        \"name\": \"nombre de empresa\",\n        \"rut\": \"709463004\"\n    },\n    \"owner\": {\n        \"name\": \"creador de transaccion\"\n    },\n    \"authorizers\": [\n        {\n            \"name\": \"primer firmante\",\n            \"rut\": \"709463004\",\n            \"state\": \"Aprobada\",\n            \"date\": \"29/01/2018\",\n            \"time\": \"15:34\"\n        },\n        {\n            \"name\": \"primer firmante\",\n            \"rut\": \"176697482\",\n            \"state\": \"Aprobada\",\n            \"date\": \"29/01/2018\",\n            \"time\": \"15:34\"\n        },\n        {\n            \"name\": \"primer firmante\",\n            \"rut\": \"183798510\",\n            \"state\": \"Pendiente\",\n            \"date\": \"29/01/2018\",\n            \"time\": \"17:34\"\n        }\n    ],\n        \"data\": {\n        \"account_number\": \"771018404\",\n        \"check_book\": \"34\",\n        \"checks\": [\"2558681\"],\n        \"onp_confirmation\": [],\n        \"publication\": false,\n        \"reason\": {\n            \"code\": \"OL01\",\n            \"description\": \"robo\"\n        }\n    }\n}"
						},
						"url": {
							"raw": "{{url_notification}}/notifications/api/onp/received",
							"host": [
								"{{url_notification}}"
							],
							"path": [
								"notifications",
								"api",
								"onp",
								"received"
							]
						}
					},
					"response": []
				},
				{
					"name": "ONP PENDING",
					"request": {
						"method": "POST",
						"header": [
							{
								"key": "Content-Type",
								"value": "application/json",
								"type": "text"
							}
						],
						"body": {
							"mode": "raw",
							"raw": "{\n    \"clientName\": \"firmante\",\n    \"emails\": [\n        \"camilo.barros_ex@scotiabank.cl\"\n    ],\n    \"date\": \"29-01-2019\",\n    \"customer\": {\n        \"name\": \"nombre de empresa\",\n        \"rut\": \"709463004\"\n    },\n    \"owner\": {\n        \"name\": \"creador de transaccion\"\n    },\n    \"authorizers\": [\n        {\n            \"name\": \"primer firmante\",\n            \"rut\": \"709463004\",\n            \"state\": \"Aprobada\",\n            \"date\": \"29/01/2018\",\n            \"time\": \"15:34\"\n        },\n        {\n            \"name\": \"primer firmante\",\n            \"rut\": \"176697482\",\n            \"state\": \"Aprobada\",\n            \"date\": \"29/01/2018\",\n            \"time\": \"15:34\"\n        },\n        {\n            \"name\": \"primer firmante\",\n            \"rut\": \"183798510\",\n            \"state\": \"Pendiente\",\n            \"date\": \"29/01/2018\",\n            \"time\": \"17:34\"\n        }\n    ],\n        \"data\": {\n        \"account_number\": \"771018404\",\n        \"check_book\": \"34\",\n        \"checks\": [\"2558681\"],\n        \"onp_confirmation\": [],\n        \"publication\": false,\n        \"reason\": {\n            \"code\": \"OL01\",\n            \"description\": \"robo\"\n        }\n    }\n}"
						},
						"url": {
							"raw": "{{url_notification}}/notifications/api/onp/pending",
							"host": [
								"{{url_notification}}"
							],
							"path": [
								"notifications",
								"api",
								"onp",
								"pending"
							]
						}
					},
					"response": []
				}
			]
		},
		{
			"name": "PAC",
			"item": [
				{
					"name": "PAC RECIEVED",
					"request": {
						"method": "POST",
						"header": [
							{
								"key": "Content-Type",
								"value": "application/json",
								"type": "text"
							}
						],
						"body": {
							"mode": "raw",
							"raw": "{\n    \"clientName\": \"firmante\",\n    \"emails\": [\n        \"camilo.barros_ex@scotiabank.cl\"\n    ],\n    \"date\": \"29-01-2019\",\n    \"customer\": {\n        \"name\": \"nombre de empresa\",\n        \"rut\": \"709463004\"\n    },\n    \"owner\": {\n        \"name\": \"creador de transaccion\"\n    },\n    \"authorizers\": [\n        {\n            \"name\": \"primer firmante\",\n            \"rut\": \"709463004\",\n            \"state\": \"Aprobada\",\n            \"date\": \"29/01/2018\",\n            \"time\": \"15:34\"\n        },\n        {\n            \"name\": \"primer firmante\",\n            \"rut\": \"176697482\",\n            \"state\": \"Aprobada\",\n            \"date\": \"29/01/2018\",\n            \"time\": \"15:34\"\n        },\n        {\n            \"name\": \"primer firmante\",\n            \"rut\": \"183798510\",\n            \"state\": \"Pendiente\",\n            \"date\": \"29/01/2018\",\n            \"time\": \"17:34\"\n        }\n    ],\n    \"data\": {\n        \"IdMandato\": 5677348,\n        \"CuentaOrigen\": \"770858300\",\n        \"Rubro\": \"Agua\",\n        \"IdServicio\": \"48151849\",\n        \"Empresa\": \"AGUAS ANDINAS                                               \",\n        \"fechaTermino\": \"\",\n        \"MontoMaximo\": 0\n    }\n}"
						},
						"url": {
							"raw": "{{url_notification}}/notifications/api/pac/received",
							"host": [
								"{{url_notification}}"
							],
							"path": [
								"notifications",
								"api",
								"pac",
								"received"
							]
						}
					},
					"response": []
				},
				{
					"name": "PAC PENDING",
					"request": {
						"method": "POST",
						"header": [
							{
								"key": "Content-Type",
								"value": "application/json",
								"type": "text"
							}
						],
						"body": {
							"mode": "raw",
							"raw": "{\n    \"clientName\": \"firmante\",\n    \"emails\": [\n        \"camilo.barros_ex@scotiabank.cl\"\n    ],\n    \"date\": \"26/07/19 09:44:41\",\n    \"customer\": {\n        \"name\": \"nombre de empresa\",\n        \"rut\": \"709463004\"\n    },\n    \"owner\": {\n        \"name\": \"creador de transaccion\"\n    },\n    \"authorizers\": [\n        {\n            \"name\": \"primer firmante\",\n            \"rut\": \"709463004\",\n            \"state\": \"Aprobada\",\n            \"date\": \"29/01/2018\",\n            \"time\": \"15:34\"\n        },\n        {\n            \"name\": \"primer firmante\",\n            \"rut\": \"176697482\",\n            \"state\": \"Aprobada\",\n            \"date\": \"29/01/2018\",\n            \"time\": \"15:34\"\n        },\n        {\n            \"name\": \"primer firmante\",\n            \"rut\": \"183798510\",\n            \"state\": \"Pendiente\",\n            \"date\": \"29/01/2018\",\n            \"time\": \"17:34\"\n        }\n    ],\n    \"data\": {\n        \"IdMandato\": 5677348,\n        \"CuentaOrigen\": \"770858300\",\n        \"Rubro\": \"Agua\",\n        \"IdServicio\": \"48151849\",\n        \"Empresa\": \"AGUAS ANDINAS\",\n        \"fechaTermino\": \"\",\n        \"MontoMaximo\": 0\n    }\n}"
						},
						"url": {
							"raw": "{{url_notification}}/notifications/api/pac/pending",
							"host": [
								"{{url_notification}}"
							],
							"path": [
								"notifications",
								"api",
								"pac",
								"pending"
							]
						}
					},
					"response": []
				}
			]
		},
		{
			"name": "REMESAS",
			"item": [
				{
					"name": "REM RECIEVED",
					"request": {
						"method": "POST",
						"header": [
							{
								"key": "Content-Type",
								"value": "application/json",
								"type": "text"
							}
						],
						"body": {
							"mode": "raw",
							"raw": "{\n    \"clientName\": \"firmante\",\n    \"emails\": [\n        \"camilo.barros_ex@scotiabank.cl\"\n    ],\n    \"date\": \"29-01-2019\",\n    \"customer\": {\n        \"name\": \"nombre de empresa\",\n        \"rut\": \"709463004\"\n    },\n    \"owner\": {\n        \"name\": \"creador de transaccion\"\n    },\n    \"authorizers\": [\n        {\n            \"name\": \"primer firmante\",\n            \"rut\": \"709463004\",\n            \"state\": \"Aprobada\",\n            \"date\": \"29/01/2018\",\n            \"time\": \"15:34\"\n        },\n        {\n            \"name\": \"primer firmante\",\n            \"rut\": \"176697482\",\n            \"state\": \"Aprobada\",\n            \"date\": \"29/01/2018\",\n            \"time\": \"15:34\"\n        },\n        {\n            \"name\": \"primer firmante\",\n            \"rut\": \"183798510\",\n            \"state\": \"Pendiente\",\n            \"date\": \"29/01/2018\",\n            \"time\": \"17:34\"\n        }\n    ],\n    \"data\": {\n        \"amount\": \"000000000001205\",\n        \"ctacte\": \"670071503\",\n        \"customerID\": \"709463004\",\n        \"divDes\": \"USD\",\n        \"divOri\": \"USD\",\n        \"g_glosa\": \"Transf. al Exterior - Nomina 12345 por USD 12,05, Fecha Pago: 12/07/2019\",\n        \"nomID\": \"00000000000000005137\",\n        \"reg\": \"0001\",\n        \"userID\": \"20628711K\"\n    }\n}"
						},
						"url": {
							"raw": "{{url_notification}}/notifications/api/bcxrem/received",
							"host": [
								"{{url_notification}}"
							],
							"path": [
								"notifications",
								"api",
								"bcxrem",
								"received"
							]
						}
					},
					"response": []
				},
				{
					"name": "REM PENDING",
					"request": {
						"method": "POST",
						"header": [
							{
								"key": "Content-Type",
								"value": "application/json",
								"type": "text"
							}
						],
						"body": {
							"mode": "raw",
							"raw": "{\n    \"clientName\": \"firmante\",\n    \"emails\": [\n        \"camilo.barros_ex@scotiabank.cl\"\n    ],\n    \"date\": \"29-01-2019\",\n    \"customer\": {\n        \"name\": \"nombre de empresa\",\n        \"rut\": \"709463004\"\n    },\n    \"owner\": {\n        \"name\": \"creador de transaccion\"\n    },\n    \"authorizers\": [\n        {\n            \"name\": \"primer firmante\",\n            \"rut\": \"709463004\",\n            \"state\": \"Aprobada\",\n            \"date\": \"29/01/2018\",\n            \"time\": \"15:34\"\n        },\n        {\n            \"name\": \"primer firmante\",\n            \"rut\": \"176697482\",\n            \"state\": \"Aprobada\",\n            \"date\": \"29/01/2018\",\n            \"time\": \"15:34\"\n        },\n        {\n            \"name\": \"primer firmante\",\n            \"rut\": \"183798510\",\n            \"state\": \"Pendiente\",\n            \"date\": \"29/01/2018\",\n            \"time\": \"17:34\"\n        }\n    ],\n    \"data\": {\n        \"amount\": \"000000000000100\",\n        \"divDes\": \"USD\",\n        \"divOri\": \"USD\",\n        \"g_glosa\": \"Transf. al Exterior - Nomina YYYFFFTTTTWWWW por USD 1,00, Fecha Pago: 29/05/2019\",\n        \"nomID\": \"00000000000000004967\",\n        \"reg\": \"0001\",\n        \"ctacte\": 713085508\n    }\n}"
						},
						"url": {
							"raw": "{{url_notification}}/notifications/api/bcxrem/pending",
							"host": [
								"{{url_notification}}"
							],
							"path": [
								"notifications",
								"api",
								"bcxrem",
								"pending"
							]
						}
					},
					"response": []
				}
			]
		},
		{
			"name": "ADDRESSES",
			"item": [
				{
					"name": "ADDRESSES INSERT RECIEVED",
					"request": {
						"method": "POST",
						"header": [
							{
								"key": "Content-Type",
								"value": "application/json",
								"type": "text"
							}
						],
						"body": {
							"mode": "raw",
							"raw": "{\n    \"clientName\": \"firmante\",\n    \"emails\": [\n        \"Camilo.Barros_ex@scotiabank.cl\"\n    ],\n    \"date\": \"29-01-2019\",\n    \"customer\": {\n        \"name\": \"nombre de empresa\",\n        \"rut\": \"709463004\"\n    },\n    \"owner\": {\n        \"name\": \"creador de transaccion\"\n    },\n    \"authorizers\": [\n        {\n            \"name\": \"primer firmante\",\n            \"rut\": \"709463004\",\n            \"state\": \"Aprobada\",\n            \"date\": \"29/01/2018\",\n            \"time\": \"15:34\"\n        },\n        {\n            \"name\": \"primer firmante\",\n            \"rut\": \"176697482\",\n            \"state\": \"Aprobada\",\n            \"date\": \"29/01/2018\",\n            \"time\": \"15:34\"\n        },\n        {\n            \"name\": \"primer firmante\",\n            \"rut\": \"183798510\",\n            \"state\": \"Pendiente\",\n            \"date\": \"29/01/2018\",\n            \"time\": \"17:34\"\n        }\n    ],\n    \"data\": {\n    \"id\" : 0,\n    \"name\" : \"luis aravena\",\n    \"rut\" : {\n      \"run\" : 12270480,\n      \"dv\" : \"7\"\n    },\n    \"alias\" : \"luis\",\n    \"detail\" : {\n      \"acc_numbr\" : \"123456\",\n      \"adr_email\" : \"mauro@mail.com\",\n      \"bank_id\" : \"001\",\n      \"bank_name\" : \"BANCO DE CHILE\",\n      \"acc_type\" : \"01000\",\n      \"branch_id\" : null\n    },\n    \"customerID\" : {\n      \"run\" : 70946300,\n      \"dv\" : \"4\"\n    },\n    \"paymentMethods\" : [ \"TEF\" ],\n    \"addresseeInputs\" : [ ],\n    \"type\" : [ ]\n  }\n}"
						},
						"url": {
							"raw": "{{url_notification}}/notifications/api/insertAddresses/received",
							"host": [
								"{{url_notification}}"
							],
							"path": [
								"notifications",
								"api",
								"insertAddresses",
								"received"
							]
						}
					},
					"response": []
				},
				{
					"name": "ADDRESSES INSERT PENDING",
					"request": {
						"method": "POST",
						"header": [
							{
								"key": "Content-Type",
								"value": "application/json",
								"type": "text"
							}
						],
						"body": {
							"mode": "raw",
							"raw": "{\n    \"clientName\": \"firmante\",\n    \"emails\": [\n        \"Camilo.Barros_ex@scotiabank.cl\"\n    ],\n    \"date\": \"29-01-2019\",\n    \"customer\": {\n        \"name\": \"nombre de empresa\",\n        \"rut\": \"709463004\"\n    },\n    \"owner\": {\n        \"name\": \"creador de transaccion\"\n    },\n    \"authorizers\": [\n        {\n            \"name\": \"primer firmante\",\n            \"rut\": \"709463004\",\n            \"state\": \"Aprobada\",\n            \"date\": \"29/01/2018\",\n            \"time\": \"15:34\"\n        },\n        {\n            \"name\": \"primer firmante\",\n            \"rut\": \"176697482\",\n            \"state\": \"Aprobada\",\n            \"date\": \"29/01/2018\",\n            \"time\": \"15:34\"\n        },\n        {\n            \"name\": \"primer firmante\",\n            \"rut\": \"183798510\",\n            \"state\": \"Pendiente\",\n            \"date\": \"29/01/2018\",\n            \"time\": \"17:34\"\n        }\n    ],\n    \"data\": {\n        \"id\": 0,\n        \"name\": \"luis aravena\",\n        \"rut\": {\n            \"run\": 12270480,\n            \"dv\": \"7\"\n        },\n        \"alias\": \"luis\",\n        \"detail\": {\n            \"acc_numbr\": \"123456\",\n            \"adr_email\": \"mauro@mail.com\",\n            \"bank_id\": \"001\",\n            \"bank_name\": \"BANCO DE CHILE\",\n            \"acc_type\": \"01000\",\n            \"branch_id\": null\n        },\n        \"customerID\": {\n            \"run\": 70946300,\n            \"dv\": \"4\"\n        },\n        \"paymentMethods\": [\n            \"TEF\"\n        ],\n        \"addresseeInputs\": [],\n        \"type\": []\n    }\n}"
						},
						"url": {
							"raw": "{{url_notification}}/notifications/api/insertAddresses/pending",
							"host": [
								"{{url_notification}}"
							],
							"path": [
								"notifications",
								"api",
								"insertAddresses",
								"pending"
							]
						}
					},
					"response": []
				},
				{
					"name": "ADDRESSES EDIT PENDING",
					"request": {
						"method": "POST",
						"header": [
							{
								"key": "Content-Type",
								"value": "application/json",
								"type": "text"
							}
						],
						"body": {
							"mode": "raw",
							"raw": "{\n    \"clientName\": \"firmante\",\n    \"emails\": [\n        \"Camilo.Barros_ex@scotiabank.cl\"\n    ],\n    \"date\": \"29-01-2019\",\n    \"customer\": {\n        \"name\": \"nombre de empresa\",\n        \"rut\": \"709463004\"\n    },\n    \"owner\": {\n        \"name\": \"creador de transaccion\"\n    },\n    \"authorizers\": [\n        {\n            \"name\": \"primer firmante\",\n            \"rut\": \"709463004\",\n            \"state\": \"Aprobada\",\n            \"date\": \"29/01/2018\",\n            \"time\": \"15:34\"\n        },\n        {\n            \"name\": \"primer firmante\",\n            \"rut\": \"176697482\",\n            \"state\": \"Aprobada\",\n            \"date\": \"29/01/2018\",\n            \"time\": \"15:34\"\n        },\n        {\n            \"name\": \"primer firmante\",\n            \"rut\": \"183798510\",\n            \"state\": \"Pendiente\",\n            \"date\": \"29/01/2018\",\n            \"time\": \"17:34\"\n        }\n    ],\n    \"data\": {\n        \"id\": 3,\n        \"rut\": {\n            \"run\": 12270480,\n            \"dv\": \"7\"\n        },\n        \"name\": \"Nombres Apellidos Modificados NUEVO\",\n        \"alias\": \"webinspectAlias\",\n        \"detail\": {\n            \"acc_type\": \"CTACTE\",\n            \"acc_numbr\": \"1234567\",\n            \"adr_email\": \"holaaaa@algo.com\",\n            \"bank_id\": \"14\"\n        },\n        \"customerID\": null,\n        \"paymentMethods\": [\n            \"LBTR\"\n        ],\n        \"type\": null\n    }\n}"
						},
						"url": {
							"raw": "{{url_notification}}/notifications/api/editAddresses/pending",
							"host": [
								"{{url_notification}}"
							],
							"path": [
								"notifications",
								"api",
								"editAddresses",
								"pending"
							]
						}
					},
					"response": []
				},
				{
					"name": "ADDRESSES EDIT RECEIVED",
					"request": {
						"method": "POST",
						"header": [
							{
								"key": "Content-Type",
								"value": "application/json",
								"type": "text"
							}
						],
						"body": {
							"mode": "raw",
							"raw": "{\n    \"clientName\": \"firmante\",\n    \"emails\": [\n        \"Camilo.Barros_ex@scotiabank.cl\"\n    ],\n    \"date\": \"29-01-2019\",\n    \"customer\": {\n        \"name\": \"nombre de empresa\",\n        \"rut\": \"709463004\"\n    },\n    \"owner\": {\n        \"name\": \"creador de transaccion\"\n    },\n    \"authorizers\": [\n        {\n            \"name\": \"primer firmante\",\n            \"rut\": \"709463004\",\n            \"state\": \"Aprobada\",\n            \"date\": \"29/01/2018\",\n            \"time\": \"15:34\"\n        },\n        {\n            \"name\": \"primer firmante\",\n            \"rut\": \"176697482\",\n            \"state\": \"Aprobada\",\n            \"date\": \"29/01/2018\",\n            \"time\": \"15:34\"\n        },\n        {\n            \"name\": \"primer firmante\",\n            \"rut\": \"183798510\",\n            \"state\": \"Pendiente\",\n            \"date\": \"29/01/2018\",\n            \"time\": \"17:34\"\n        }\n    ],\n    \"data\": {\n        \"id\": 3,\n        \"rut\": {\n            \"run\": 12270480,\n            \"dv\": \"7\"\n        },\n        \"name\": \"Nombres Apellidos Modificados NUEVO\",\n        \"alias\": \"webinspectAlias\",\n        \"detail\": {\n            \"acc_type\": \"CTACTE\",\n            \"acc_numbr\": \"1234567\",\n            \"adr_email\": \"holaaaa@algo.com\",\n            \"bank_id\": \"14\"\n        },\n        \"customerID\": null,\n        \"paymentMethods\": [\n            \"LBTR\"\n        ],\n        \"type\": null\n    }\n}"
						},
						"url": {
							"raw": "{{url_notification}}/notifications/api/editAddresses/received",
							"host": [
								"{{url_notification}}"
							],
							"path": [
								"notifications",
								"api",
								"editAddresses",
								"received"
							]
						}
					},
					"response": []
				}
			]
		},
		{
			"name": "BCX",
			"item": [
				{
					"name": "BCXCD PENDING",
					"request": {
						"method": "POST",
						"header": [
							{
								"key": "Content-Type",
								"value": "application/json",
								"type": "text"
							}
						],
						"body": {
							"mode": "raw",
							"raw": "{\n    \"clientName\": \"firmante\",\n    \"emails\": [\n        \"camilo.barros_ex@scotiabank.cl\"\n    ],\n    \"date\": \"29-01-2019\",\n    \"customer\": {\n        \"name\": \"nombre de empresa\",\n        \"rut\": \"709463004\"\n    },\n    \"owner\": {\n        \"name\": \"creador de transaccion\"\n    },\n    \"authorizers\": [\n        {\n            \"name\": \"primer firmante\",\n            \"rut\": \"709463004\",\n            \"state\": \"Aprobada\",\n            \"date\": \"29/01/2018\",\n            \"time\": \"15:34\"\n        },\n        {\n            \"name\": \"primer firmante\",\n            \"rut\": \"176697482\",\n            \"state\": \"Aprobada\",\n            \"date\": \"29/01/2018\",\n            \"time\": \"15:34\"\n        },\n        {\n            \"name\": \"primer firmante\",\n            \"rut\": \"183798510\",\n            \"state\": \"Pendiente\",\n            \"date\": \"29/01/2018\",\n            \"time\": \"17:34\"\n        }\n    ],\n    \"data\": {\n        \"amount\": \"\",\n        \"DivDes\": \"\",\n        \"CuentaCar\": \"\",\n        \"MonCar\": \"\",\n        \"Datatrans\": \"\",\n        \"nomID\": \"\",\n        \"DivTipCam\": \"\",\n        \"tipcam\": \"\"\n    }\n}"
						},
						"url": {
							"raw": "{{url_notification}}/notifications/api/bcxcd/pending",
							"host": [
								"{{url_notification}}"
							],
							"path": [
								"notifications",
								"api",
								"bcxcd",
								"pending"
							]
						}
					},
					"response": []
				},
				{
					"name": "BCXCD RECEIVED",
					"request": {
						"method": "POST",
						"header": [
							{
								"key": "Content-Type",
								"value": "application/json",
								"type": "text"
							}
						],
						"body": {
							"mode": "raw",
							"raw": "{\n    \"clientName\": \"firmante\",\n    \"emails\": [\n        \"camilo.barros_ex@scotiabank.cl\"\n    ],\n    \"date\": \"29-01-2019\",\n    \"customer\": {\n        \"name\": \"nombre de empresa\",\n        \"rut\": \"709463004\"\n    },\n    \"owner\": {\n        \"name\": \"creador de transaccion\"\n    },\n    \"authorizers\": [\n        {\n            \"name\": \"primer firmante\",\n            \"rut\": \"709463004\",\n            \"state\": \"Aprobada\",\n            \"date\": \"29/01/2018\",\n            \"time\": \"15:34\"\n        },\n        {\n            \"name\": \"primer firmante\",\n            \"rut\": \"176697482\",\n            \"state\": \"Aprobada\",\n            \"date\": \"29/01/2018\",\n            \"time\": \"15:34\"\n        },\n        {\n            \"name\": \"primer firmante\",\n            \"rut\": \"183798510\",\n            \"state\": \"Pendiente\",\n            \"date\": \"29/01/2018\",\n            \"time\": \"17:34\"\n        }\n    ],\n    \"data\": {\n        \"amount\": \"\",\n        \"DivDes\": \"\",\n        \"CuentaCar\": \"\",\n        \"MonCar\": \"\",\n        \"Datatrans\": \"\",\n        \"nomID\": \"\",\n        \"DivTipCam\": \"\",\n        \"tipcam\": \"\"\n    }\n}"
						},
						"url": {
							"raw": "{{url_notification}}/notifications/api/bcxcd/received",
							"host": [
								"{{url_notification}}"
							],
							"path": [
								"notifications",
								"api",
								"bcxcd",
								"received"
							]
						}
					},
					"response": []
				},
				{
					"name": "BCXLO RECEIVED",
					"request": {
						"method": "POST",
						"header": [
							{
								"key": "Content-Type",
								"value": "application/json",
								"type": "text"
							}
						],
						"body": {
							"mode": "raw",
							"raw": "{\n    \"clientName\": \"firmante\",\n    \"emails\": [\n        \"camilo.barros_ex@scotiabank.cl\"\n    ],\n    \"date\": \"29-01-2019\",\n    \"customer\": {\n        \"name\": \"nombre de empresa\",\n        \"rut\": \"709463004\"\n    },\n    \"owner\": {\n        \"name\": \"creador de transaccion\"\n    },\n    \"authorizers\": [\n        {\n            \"name\": \"primer firmante\",\n            \"rut\": \"709463004\",\n            \"state\": \"Aprobada\",\n            \"date\": \"29/01/2018\",\n            \"time\": \"15:34\"\n        },\n        {\n            \"name\": \"primer firmante\",\n            \"rut\": \"176697482\",\n            \"state\": \"Aprobada\",\n            \"date\": \"29/01/2018\",\n            \"time\": \"15:34\"\n        },\n        {\n            \"name\": \"primer firmante\",\n            \"rut\": \"183798510\",\n            \"state\": \"Pendiente\",\n            \"date\": \"29/01/2018\",\n            \"time\": \"17:34\"\n        }\n    ],\n    \"data\": {\n        \"amount\": \"\",\n        \"DivDes\": \"\",\n        \"CuentaCar\": \"\",\n        \"MonCar\": \"\",\n        \"Datatrans\": \"\",\n        \"nomID\": \"\",\n        \"DivTipCam\": \"\",\n        \"tipcam\": \"\"\n    }\n}"
						},
						"url": {
							"raw": "{{url_notification}}/notifications/api/bcxlo/received",
							"host": [
								"{{url_notification}}"
							],
							"path": [
								"notifications",
								"api",
								"bcxlo",
								"received"
							]
						}
					},
					"response": []
				},
				{
					"name": "BCXVD RECEIVED",
					"request": {
						"method": "POST",
						"header": [
							{
								"key": "Content-Type",
								"value": "application/json",
								"type": "text"
							}
						],
						"body": {
							"mode": "raw",
							"raw": "{\n    \"clientName\": \"firmante\",\n    \"emails\": [\n        \"camilo.barros_ex@scotiabank.cl\"\n    ],\n    \"date\": \"29-01-2019\",\n    \"customer\": {\n        \"name\": \"nombre de empresa\",\n        \"rut\": \"709463004\"\n    },\n    \"owner\": {\n        \"name\": \"creador de transaccion\"\n    },\n    \"authorizers\": [\n        {\n            \"name\": \"primer firmante\",\n            \"rut\": \"709463004\",\n            \"state\": \"Aprobada\",\n            \"date\": \"29/01/2018\",\n            \"time\": \"15:34\"\n        },\n        {\n            \"name\": \"primer firmante\",\n            \"rut\": \"176697482\",\n            \"state\": \"Aprobada\",\n            \"date\": \"29/01/2018\",\n            \"time\": \"15:34\"\n        },\n        {\n            \"name\": \"primer firmante\",\n            \"rut\": \"183798510\",\n            \"state\": \"Pendiente\",\n            \"date\": \"29/01/2018\",\n            \"time\": \"17:34\"\n        }\n    ],\n    \"data\": {\n        \"amount\": \"\",\n        \"DivDes\": \"\",\n        \"CuentaCar\": \"\",\n        \"MonCar\": \"\",\n        \"Datatrans\": \"\",\n        \"nomID\": \"\",\n        \"DivTipCam\": \"\",\n        \"tipcam\": \"\"\n    }\n}"
						},
						"url": {
							"raw": "{{url_notification}}/notifications/api/bcxvd/received",
							"host": [
								"{{url_notification}}"
							],
							"path": [
								"notifications",
								"api",
								"bcxvd",
								"received"
							]
						}
					},
					"response": []
				},
				{
					"name": "BCXVD PENDING",
					"request": {
						"method": "POST",
						"header": [
							{
								"key": "Content-Type",
								"value": "application/json",
								"type": "text"
							}
						],
						"body": {
							"mode": "raw",
							"raw": "{\n    \"clientName\": \"firmante\",\n    \"emails\": [\n        \"camilo.barros_ex@scotiabank.cl\"\n    ],\n    \"date\": \"29-01-2019\",\n    \"customer\": {\n        \"name\": \"nombre de empresa\",\n        \"rut\": \"709463004\"\n    },\n    \"owner\": {\n        \"name\": \"creador de transaccion\"\n    },\n    \"authorizers\": [\n        {\n            \"name\": \"primer firmante\",\n            \"rut\": \"709463004\",\n            \"state\": \"Aprobada\",\n            \"date\": \"29/01/2018\",\n            \"time\": \"15:34\"\n        },\n        {\n            \"name\": \"primer firmante\",\n            \"rut\": \"176697482\",\n            \"state\": \"Aprobada\",\n            \"date\": \"29/01/2018\",\n            \"time\": \"15:34\"\n        },\n        {\n            \"name\": \"primer firmante\",\n            \"rut\": \"183798510\",\n            \"state\": \"Pendiente\",\n            \"date\": \"29/01/2018\",\n            \"time\": \"17:34\"\n        }\n    ],\n    \"data\": {\n        \"amount\": \"\",\n        \"DivDes\": \"\",\n        \"CuentaCar\": \"\",\n        \"MonCar\": \"\",\n        \"Datatrans\": \"\",\n        \"nomID\": \"\",\n        \"DivTipCam\": \"\",\n        \"tipcam\": \"\"\n    }\n}"
						},
						"url": {
							"raw": "{{url_notification}}/notifications/api/bcxvd/pending",
							"host": [
								"{{url_notification}}"
							],
							"path": [
								"notifications",
								"api",
								"bcxvd",
								"pending"
							]
						}
					},
					"response": []
				}
			]
		},
		{
			"name": "CONFIRMING",
			"item": [
				{
					"name": "PAGOS MASIVOS PENDING Copy",
					"request": {
						"method": "POST",
						"header": [
							{
								"key": "Content-Type",
								"value": "application/json",
								"type": "text"
							}
						],
						"body": {
							"mode": "raw",
							"raw": "{\n    \"clientName\": \"firmante\",\n    \"emails\": [\n        \"Camilo.Barros_ex@scotiabank.cl\"\n    ],\n    \"date\": \"29-01-2019\",\n    \"customer\": {\n        \"name\": \"nombre de empresa\",\n        \"rut\": \"709463004\"\n    },\n    \"owner\": {\n        \"name\": \"creador de transaccion\"\n    },\n    \"authorizers\": [\n        {\n            \"name\": \"primer firmante\",\n            \"rut\": \"709463004\",\n            \"state\": \"Aprobada\",\n            \"date\": \"29/01/2018\",\n            \"time\": \"15:34\"\n        },\n        {\n            \"name\": \"primer firmante\",\n            \"rut\": \"176697482\",\n            \"state\": \"Aprobada\",\n            \"date\": \"29/01/2018\",\n            \"time\": \"15:34\"\n        },\n        {\n            \"name\": \"primer firmante\",\n            \"rut\": \"183798510\",\n            \"state\": \"Pendiente\",\n            \"date\": \"29/01/2018\",\n            \"time\": \"17:34\"\n        }\n    ],\n    \"data\": {\n        \"numberagreement\": \"0000000000713085508\",\n        \"amount\": 12400000,\n        \"currency\": \"CLP\",\n        \"agreementcode\": \"001 - 001 - Asociacion Chilena De Segurida\",\n        \"rosterDescription\": \"Test\",\n        \"numRecords\": \"2\",\n        \"paymentDate\": \"08 Ago, 2019\",\n        \"paysheet_id\": \"20190808110745732000\",\n        \"code_agreement\": \"1\",\n        \"secondary_code\": \"NMD\",\n        \"rut_agreement\": \"00703601006\"\n    }\n}"
						},
						"url": {
							"raw": "{{url_notification}}/notifications/api/confirming/executive",
							"host": [
								"{{url_notification}}"
							],
							"path": [
								"notifications",
								"api",
								"confirming",
								"executive"
							]
						}
					},
					"response": []
				}
			]
		}
	],
	"auth": {
		"type": "bearer",
		"bearer": [
			{
				"key": "token",
				"value": "{{token_notification}}",
				"type": "string"
			}
		]
	},
	"event": [
		{
			"listen": "prerequest",
			"script": {
				"type": "text/javascript",
				"exec": [
					""
				]
			}
		},
		{
			"listen": "test",
			"script": {
				"type": "text/javascript",
				"exec": [
					""
				]
			}
		}
	]
}