{
	"info": {
		"_postman_id": "e3a8a4f4-9697-2bf2-bf31-c6cfbcf2a99a",
		"name": "Productivo",
		"schema": "https://schema.getpostman.com/json/collection/v2.1.0/collection.json",
		"_exporter_id": "2940734"
	},
	"item": [
		{
			"name": "Obtener Token",
			"request": {
				"method": "GET",
				"header": [],
				"body": {
					"mode": "formdata",
					"formdata": []
				},
				"url": {
					"raw": ""
				}
			},
			"response": []
		},
		{
			"name": "MarcaCuentaCastigoResource Internet",
			"request": {
				"method": "GET",
				"header": [],
				"body": {
					"mode": "formdata",
					"formdata": []
				},
				"url": {
					"raw": ""
				}
			},
			"response": []
		},
		{
			"name": "login",
			"request": {
				"method": "GET",
				"header": [],
				"body": {
					"mode": "formdata",
					"formdata": []
				},
				"url": {
					"raw": ""
				}
			},
			"response": []
		}
	]
}