{
	"info": {
		"_postman_id": "4768533d-667d-a944-714a-6671b4b0a9b0",
		"name": "RDR",
		"schema": "https://schema.getpostman.com/json/collection/v2.1.0/collection.json",
		"_exporter_id": "2940734"
	},
	"item": [
		{
			"name": "ofertas rene y repa",
			"request": {
				"method": "GET",
				"header": [
					{
						"key": "apikey",
						"value": "p&561F0q$le6sFgvcCe*apBx",
						"type": "text"
					}
				],
				"url": {
					"raw": "https://api-qa.oapi.rfsc.cl/api/v1.0/clientes/16683/ofertas-rene-repa",
					"protocol": "https",
					"host": [
						"api-qa",
						"oapi",
						"rfsc",
						"cl"
					],
					"path": [
						"api",
						"v1.0",
						"clientes",
						"16683",
						"ofertas-rene-repa"
					]
				}
			},
			"response": []
		},
		{
			"name": "Simulacion repactación post",
			"request": {
				"method": "POST",
				"header": [
					{
						"key": "apikey",
						"value": "p&561F0q$le6sFgvcCe*apBx",
						"type": "text"
					}
				],
				"body": {
					"mode": "raw",
					"raw": "{\r\n    \"id_cliente\": 270870,\r\n    \"monto_simulacion\": 60000,\r\n    \"meses_diferimiento\": 0,\r\n    \"escenario_cuota_1\": 6,\r\n    \"escenario_cuota_2\": 12,\r\n    \"escenario_cuota_3\": 18,\r\n    \"escenario_cuota_4\": 24,\r\n    \"escenario_cuota_5\": 0,\r\n    \"escenario_cuota_6\": 0,\r\n    \"id_canal\": 12,\r\n    \"ip_cliente\": \"12.58.62.2\",\r\n    \"tasa\": 0\r\n}"
				},
				"url": {
					"raw": "https://api-qa.oapi.rfsc.cl/api/v1.0/simulaciones-repa",
					"protocol": "https",
					"host": [
						"api-qa",
						"oapi",
						"rfsc",
						"cl"
					],
					"path": [
						"api",
						"v1.0",
						"simulaciones-repa"
					]
				}
			},
			"response": []
		},
		{
			"name": "simulacion Repactación GET",
			"request": {
				"method": "GET",
				"header": [
					{
						"key": "apikey",
						"value": "p&561F0q$le6sFgvcCe*apBx",
						"type": "text"
					}
				],
				"url": {
					"raw": "https://api-qa.oapi.rfsc.cl/api/v1.0/simulaciones-repa/65971dfd-56af-427a-a0a9-b8c8482b517c",
					"protocol": "https",
					"host": [
						"api-qa",
						"oapi",
						"rfsc",
						"cl"
					],
					"path": [
						"api",
						"v1.0",
						"simulaciones-repa",
						"65971dfd-56af-427a-a0a9-b8c8482b517c"
					]
				}
			},
			"response": []
		},
		{
			"name": "Curse - post",
			"request": {
				"method": "POST",
				"header": [
					{
						"key": "apikey",
						"value": "3t4RDzeYOCkrVmr88U5X3PSkdmHNMdmf",
						"type": "text"
					}
				],
				"body": {
					"mode": "raw",
					"raw": "{\r\n    \"id_cliente\": 2786913,\r\n    \"id_canal\": 1,\r\n    \"ip_cliente\": \"123.345.67.44\",\r\n    \"id_cuenta\": 94187,\r\n    \"id_tarjeta_asocia_deuda\": 150479,\r\n    \"costo_admin_mensual_tdc\": 1,\r\n    \"clasificacion_riesgo\": \"B\",\r\n    \"monto_repactar\": 60000,\r\n    \"cuotas\": 6,\r\n    \"valor_cuota\": 100000,\r\n    \"primer_vencimiento\": \"2022-02-23\",\r\n    \"ite\": 8713,\r\n    \"cae\": 2999,\r\n    \"id_email\": 108,\r\n    \"tasa_mensual_propuesta\": 2,\r\n    \"tasa_mensual_aplicada\": 2,\r\n    \"costo_total_credito\": 2106361,\r\n    \"codigo_combina_seg\": \"PW002\",\r\n    \"descrip_combina_seguro\": \"SEGURO CESANTIA PLUS 2.0  RDR-RP WEB\",\r\n    \"productos\": [\r\n        {\r\n            \"id_tarjeta_operacion\": 150479,\r\n            \"deuda_producto\": 120219,\r\n            \"tipo_producto\": \"TA\"\r\n        }\r\n    ],\r\n    \"seguros\": 1,\r\n    \"detalle_seguros\": [\r\n        {\r\n            \"codigo_seguro\": \"PW002\",\r\n            \"dpc_seguro\": 9004,\r\n            \"nombre_seguro\": \"SEGURO DE VIDA PLUS RDR-RP WEB\",\r\n            \"prima_seguro\": 118553,\r\n            \"tasa_seguro\": 690000000,\r\n            \"valor_cuota_seguro\": 21975,\r\n            \"ratificable\": \"SI\"\r\n        }\r\n    ]\r\n}"
				},
				"url": {
					"raw": "https://api-qa.oapi.rfsc.cl/api/v1.0/curses-repa",
					"protocol": "https",
					"host": [
						"api-qa",
						"oapi",
						"rfsc",
						"cl"
					],
					"path": [
						"api",
						"v1.0",
						"curses-repa"
					]
				}
			},
			"response": []
		},
		{
			"name": "Curse - get",
			"request": {
				"method": "GET",
				"header": [
					{
						"key": "apikey",
						"value": "3t4RDzeYOCkrVmr88U5X3PSkdmHNMdmf",
						"type": "text"
					}
				],
				"body": {
					"mode": "raw",
					"raw": ""
				},
				"url": {
					"raw": "https://api-qa.oapi.rfsc.cl/api/v1.0/curses-repa/8f859735-fc7a-415b-8e4a-15b56fca9244",
					"protocol": "https",
					"host": [
						"api-qa",
						"oapi",
						"rfsc",
						"cl"
					],
					"path": [
						"api",
						"v1.0",
						"curses-repa",
						"8f859735-fc7a-415b-8e4a-15b56fca9244"
					]
				}
			},
			"response": []
		}
	]
}