<?xml version="1.0" encoding="UTF-8"?>
<con:soapui-project id="d7818717-65ec-4249-8712-d15347875a29" activeEnvironment="Default" name="motordesa-online.scbazul" soapui-version="5.7.2" abortOnError="false" runType="SEQUENTIAL" resourceRoot="${projectDir}" xmlns:con="http://eviware.com/soapui/config"><con:settings/><con:interface xsi:type="con:WsdlInterface" id="0cd7860f-d56c-4438-bca0-b98c82bd0588" wsaVersion="NONE" name="WsMsgEmpEnviosNetcashServicePortBinding" type="wsdl" bindingName="{http://services.neo.com/}WsMsgEmpEnviosNetcashServicePortBinding" soapVersion="1_1" anonymous="optional" definition="http://motordesa-online.scbazul.cl/WSFirma/webservice/WsMsgEmpEnviosNetcashService?wsdl" xmlns:xsi="http://www.w3.org/2001/XMLSchema-instance"><con:settings/><con:definitionCache type="TEXT" rootPart="http://motordesa-online.scbazul.cl/WSFirma/webservice/WsMsgEmpEnviosNetcashService?wsdl"><con:part><con:url>http://motordesa-online.scbazul.cl/WSFirma/webservice/WsMsgEmpEnviosNetcashService?wsdl</con:url><con:content><![CDATA[<!--Published by JAX-WS RI at http://jax-ws.dev.java.net. RI's version is JAX-WS RI 2.1.7-b01-.-->
<!--Generated by JAX-WS RI at http://jax-ws.dev.java.net. RI's version is JAX-WS RI 2.1.7-b01-.-->
<definitions targetNamespace="http://services.neo.com/" name="MsgEmpEnviosNetcashServiceImplService" xmlns:soap="http://schemas.xmlsoap.org/wsdl/soap/" xmlns:tns="http://services.neo.com/" xmlns:xsd="http://www.w3.org/2001/XMLSchema" xmlns="http://schemas.xmlsoap.org/wsdl/">
  <types>
    <xsd:schema>
      <xsd:import namespace="http://services.neo.com/" schemaLocation="http://motordesa-online.scbazul.cl:80/WSFirma/webservice/WsMsgEmpEnviosNetcashService?xsd=1"/>
    </xsd:schema>
  </types>
  <message name="SendAlertasEventos">
    <part name="parameters" element="tns:SendAlertasEventos"/>
  </message>
  <message name="SendAlertasEventosResponse">
    <part name="parameters" element="tns:SendAlertasEventosResponse"/>
  </message>
  <portType name="WsMsgEmpEnviosNetcashService">
    <operation name="SendAlertasEventos">
      <input message="tns:SendAlertasEventos"/>
      <output message="tns:SendAlertasEventosResponse"/>
    </operation>
  </portType>
  <binding name="WsMsgEmpEnviosNetcashServicePortBinding" type="tns:WsMsgEmpEnviosNetcashService">
    <soap:binding transport="http://schemas.xmlsoap.org/soap/http" style="document"/>
    <operation name="SendAlertasEventos">
      <soap:operation soapAction=""/>
      <input>
        <soap:body use="literal"/>
      </input>
      <output>
        <soap:body use="literal"/>
      </output>
    </operation>
  </binding>
  <service name="MsgEmpEnviosNetcashServiceImplService">
    <port name="WsMsgEmpEnviosNetcashServicePort" binding="tns:WsMsgEmpEnviosNetcashServicePortBinding">
      <soap:address location="http://motordesa-online.scbazul.cl:80/WSFirma/webservice/WsMsgEmpEnviosNetcashService"/>
    </port>
  </service>
</definitions>]]></con:content><con:type>http://schemas.xmlsoap.org/wsdl/</con:type></con:part><con:part><con:url>http://motordesa-online.scbazul.cl:80/WSFirma/webservice/WsMsgEmpEnviosNetcashService?xsd=1</con:url><con:content><![CDATA[<!--Published by JAX-WS RI at http://jax-ws.dev.java.net. RI's version is JAX-WS RI 2.1.7-b01-.-->
<xs:schema version="1.0" targetNamespace="http://services.neo.com/" xmlns:tns="http://services.neo.com/" xmlns:xs="http://www.w3.org/2001/XMLSchema">
  <xs:element name="SendAlertasEventos" type="tns:SendAlertasEventos"/>
  <xs:element name="SendAlertasEventosResponse" type="tns:SendAlertasEventosResponse"/>
  <xs:complexType name="SendAlertasEventos">
    <xs:sequence>
      <xs:element name="CodigoServicio" type="xs:string" minOccurs="0"/>
      <xs:element name="NombreCliente" type="xs:string" minOccurs="0"/>
      <xs:element name="ListEmail" type="xs:string" minOccurs="0" maxOccurs="unbounded"/>
      <xs:element name="ListEmailBanco" type="xs:string" minOccurs="0" maxOccurs="unbounded"/>
      <xs:element name="DataVariable" type="tns:dataVariable" minOccurs="0" maxOccurs="unbounded"/>
      <xs:element name="LineaTabla1" type="tns:lineaTabla" minOccurs="0" maxOccurs="unbounded"/>
      <xs:element name="LineaTabla2" type="tns:lineaTabla" minOccurs="0" maxOccurs="unbounded"/>
    </xs:sequence>
  </xs:complexType>
  <xs:complexType name="dataVariable">
    <xs:sequence>
      <xs:element name="nombreVariable" type="xs:string" minOccurs="0"/>
      <xs:element name="valueVariable" type="xs:string" minOccurs="0"/>
    </xs:sequence>
  </xs:complexType>
  <xs:complexType name="lineaTabla">
    <xs:sequence>
      <xs:element name="valor1" type="xs:string" minOccurs="0"/>
      <xs:element name="valor2" type="xs:string" minOccurs="0"/>
      <xs:element name="valor3" type="xs:string" minOccurs="0"/>
      <xs:element name="valor4" type="xs:string" minOccurs="0"/>
      <xs:element name="valor5" type="xs:string" minOccurs="0"/>
    </xs:sequence>
  </xs:complexType>
  <xs:complexType name="SendAlertasEventosResponse">
    <xs:sequence>
      <xs:element name="return" type="tns:responseAlertas" minOccurs="0"/>
    </xs:sequence>
  </xs:complexType>
  <xs:complexType name="responseAlertas">
    <xs:sequence>
      <xs:element name="codigoRespuesta" type="xs:string" minOccurs="0"/>
      <xs:element name="descripcionRespuesta" type="xs:string" minOccurs="0"/>
    </xs:sequence>
  </xs:complexType>
</xs:schema>]]></con:content><con:type>http://www.w3.org/2001/XMLSchema</con:type></con:part></con:definitionCache><con:endpoints><con:endpoint>http://motordesa-online.scbazul.cl:80/WSFirma/webservice/WsMsgEmpEnviosNetcashService</con:endpoint></con:endpoints><con:operation id="bdbfe37b-c7a8-4fcf-9b5b-f1043930a7bc" isOneWay="false" action="" name="SendAlertasEventos" bindingOperationName="SendAlertasEventos" type="Request-Response" inputName="" receivesAttachments="false" sendsAttachments="false" anonymous="optional"><con:settings/><con:call id="5455061f-b0c1-4ff7-bef7-5fc730fedbdb" name="desa"><con:settings><con:setting id="com.eviware.soapui.impl.wsdl.WsdlRequest@request-headers">&lt;xml-fragment/></con:setting></con:settings><con:encoding>UTF-8</con:encoding><con:endpoint>http://motordesa-online.scbazul.cl:80/WSFirma/webservice/WsMsgEmpEnviosNetcashService</con:endpoint><con:request><![CDATA[<?xml version="1.0" encoding="UTF-8"?>
<soapenv:Envelope xmlns:soapenv="http://schemas.xmlsoap.org/soap/envelope/" xmlns:ser="http://services.neo.com/">
   <soapenv:Header />
   <soapenv:Body>
      <ser:SendAlertasEventos>
         <!--Optional:-->
         <CodigoServicio>COCW0001</CodigoServicio>
         <!--Optional:-->
         <NombreCliente></NombreCliente>
         <!--Zero or more repetitions:-->
         <ListEmail>online.empresa1@sbgspsacl.com</ListEmail>
         <!--Zero or more repetitions:-->
         <ListEmailBanco />
         <!--Zero or more repetitions:-->
         <DataVariable>
            <!--Optional:-->
            <nombreVariable>subject</nombreVariable>
            <!--Optional:-->
            <valueVariable>Confirming Web</valueVariable>
         </DataVariable>
         <DataVariable>
            <!--Optional:-->
            <nombreVariable>nombreCliente</nombreVariable>
            <!--Optional:-->
            <valueVariable>Nombre Cliente</valueVariable>
         </DataVariable>
         <DataVariable>
            <!--Optional:-->
            <nombreVariable>rutCliente</nombreVariable>
            <!--Optional:-->
            <valueVariable>1-9</valueVariable>
         </DataVariable>
         <DataVariable>
            <!--Optional:-->
            <nombreVariable>razonSocial</nombreVariable>
            <!--Optional:-->
            <valueVariable>Razón Social</valueVariable>
         </DataVariable>
         <DataVariable>
            <!--Optional:-->
            <nombreVariable>fechaCierre</nombreVariable>
            <!--Optional:-->
            <valueVariable>01/01/2024</valueVariable>
         </DataVariable>
         <!--Zero or more repetitions:-->
         <LineaTabla1/>
         <LineaTabla2/>
      </ser:SendAlertasEventos>
   </soapenv:Body>
</soapenv:Envelope>]]></con:request><con:credentials><con:authType>No Authorization</con:authType></con:credentials><con:jmsConfig JMSDeliveryMode="PERSISTENT"/><con:jmsPropertyConfig/><con:wsaConfig mustUnderstand="NONE" version="200508" action="http://services.neo.com/WsMsgEmpEnviosNetcashService/SendAlertasEventosRequest"/><con:wsrmConfig version="1.2"/></con:call></con:operation></con:interface><con:properties/><con:wssContainer/><con:oAuth2ProfileContainer/><con:oAuth1ProfileContainer/></con:soapui-project>